firm_id,p,d,q,criterion,score,nobs
123206,0,0,0,aic,-34.926275819145594,17
128954,0,0,0,aic,4.053778820675067,24
13287,0,0,1,aic,-10.499513601974758,23
142143,0,0,1,aic,-5.158577996337662,16
156537,0,0,1,aic,29.19859870920048,14
1589363170356,2,0,0,aic,6.676549501119387,16
1589363225900,0,0,1,aic,19.63191797784242,24
1589363338321,2,0,2,aic,19.53626379469157,16
1589363356218,2,0,1,aic,13.721341761212837,15
1589363512364,0,0,0,aic,14.374627773539633,20
1589363555473,0,0,0,aic,15.309632548438563,14
1589363757607,0,0,0,aic,-31.93486520206487,21
1589363830511,1,0,2,aic,-10.505236279309774,22
1589363988690,0,0,1,aic,56.34873438662468,22
1590785072555,0,0,0,aic,33.894429003361125,23
1591124482692,0,0,0,aic,10.667950505495043,18
1591125244341,1,0,0,aic,-3.047683965202765,22
1591211602243,0,0,2,aic,36.305105425271336,16
1591624310885,0,0,2,aic,13.880341543115422,12
1591886761362,1,0,0,aic,9.439542182836146,23
1591904620618,1,0,0,aic,-15.673356211311063,14
1592249524990,1,0,0,aic,-26.405320292184065,23
1592316142525,0,0,0,aic,13.249226556482029,16
1592422191290,0,0,2,aic,-3.529605339231612,14
1593614379396,0,0,0,aic,31.514187806489154,14
1593711068155,1,0,0,aic,-34.726111350795165,22
1594222122934,2,0,1,aic,-13.573009358182158,18
1594308028343,0,0,0,aic,21.69050712481047,16
1594647804858,0,0,0,aic,-30.56433536074185,23
1595271517057,0,0,0,aic,30.5798197425494,19
1595629024653,0,0,1,aic,-11.989987450674462,21
1596729157454,0,0,1,aic,18.32747513172066,16
1600956836407,1,0,0,aic,-0.12444198493547631,19
1601301058287,2,0,1,aic,30.019901608751514,18
1605293269333,0,0,0,aic,21.05112714184171,16
1607978499197,0,0,0,aic,44.70447735093344,17
1615490681779,0,0,0,aic,7.947715007203406,14
1615919522344,0,0,0,aic,7.913789090863466,12
1616594085463,0,0,2,aic,15.808099746578353,14
1620056195780,0,0,1,aic,19.86807656908136,16
1622646144529,2,0,1,aic,6.663398840142474,12
1623947597018,0,0,2,aic,-13.294339499954766,13
1624891772874,0,0,2,aic,-3.9881926033528075,17
1626968566613,0,0,0,aic,-11.470115793926663,17
1627399987564,0,0,0,aic,18.484135271316955,15
1627486684213,0,0,0,aic,17.247242251695805,12
1627664713562,0,0,2,aic,29.54600277317077,16
1628605637279,0,0,0,aic,-18.84078184174916,13
1629900346658,0,0,2,aic,17.32851227198964,16
1630093399363,2,0,1,aic,-12.851067653653526,15
1631907775302,0,0,1,aic,6.192174171187865,15
1636120989775,0,0,0,aic,16.533643138020118,15
1637599613430,0,0,0,aic,1.5887242965475767,15
1638387390310,0,0,1,aic,-2.285106007269132,15
1638803247621,0,0,0,aic,12.096343011674822,13
1643651388164,0,0,1,aic,-23.172027310222578,12
1644253030964,2,0,2,aic,-18.692082678615094,13
1644512064573,1,0,2,aic,27.261364666232744,14
1649250368760,0,0,1,aic,16.65795125945026,13
1649268801510,0,0,0,aic,-26.93444543204022,13
1650918267589,0,0,1,aic,10.424154791733606,12
16777,0,0,2,aic,34.85291123670807,23
168283,2,0,2,aic,8.74064053025616,17
171270,2,0,2,aic,57.52034672809149,24
178785,0,0,1,aic,-11.936121504404248,24
191275,0,0,2,aic,12.232490365045312,14
195020,0,0,0,aic,38.389713971256995,14
199564,0,0,0,aic,-2.9287995986716098,19
233152,2,0,2,aic,23.56074511439335,18
23322,1,0,2,aic,62.96130156923166,22
245662,0,0,1,aic,11.750055325002563,14
28047,0,0,0,aic,2.767249098035818,19
284293,0,0,2,aic,12.132836270071028,16
325338,2,0,0,aic,61.22142939314785,24
334325,0,0,0,aic,-10.421480343660889,31
336761,0,0,2,aic,-2.451264142681902,22
33921,0,0,2,aic,-48.97975746917128,27
347791,0,0,0,aic,13.077301217500601,13
356135,0,0,1,aic,17.905540686361547,18
379472,0,0,1,aic,12.568600261243382,22
382970,1,0,2,aic,19.015077989828168,26
394033,0,0,2,aic,-11.014669086811402,26
400216,0,0,0,aic,-6.035240323222617,16
404998,0,0,2,aic,31.15159541040007,21
421832,1,0,2,aic,-11.895327447433182,21
428641,0,0,2,aic,-5.169418973853842,23
449583,0,0,1,aic,43.28272871707096,21
461140,0,0,1,aic,-25.85137380152014,24
493580,0,0,1,aic,-28.082670417719783,12
509485,2,0,2,aic,4.675382322628462,18
510225,2,0,2,aic,-0.6343485037215775,26
5137437,0,0,1,aic,11.026402806948827,15
519548,0,0,0,aic,1.4123605559280623,17
536563,0,0,0,aic,-3.089760721204957,25
546840,1,0,2,aic,38.74800264537229,23
550487,0,0,1,aic,21.85830289642614,14
570892,0,0,2,aic,18.69785730308324,21
575330,0,0,0,aic,-9.239178904329469,25
600086,0,0,2,aic,1.628439420188748,16
607999,0,0,2,aic,13.749605700627061,19
62620,2,0,1,aic,37.476253294070304,26
636719,1,0,0,aic,14.815843606164151,28
6453,0,0,0,aic,6.985873140099334,17
6609,0,0,2,aic,71.99029221359399,37
6614,0,0,0,aic,23.550967320519614,24
6619,1,0,0,aic,24.1109995391341,22
6642,0,0,2,aic,67.78619050084129,25
6659,0,0,2,aic,13.658728066511042,28
6683,0,0,0,aic,10.959125668545477,15
6692,0,0,0,aic,-27.619816359900426,35
6719,0,0,0,aic,21.07240272308247,32
6732,0,0,1,aic,2.7635228884962935,15
6741,1,0,0,aic,-56.59467987484322,31
676287,0,0,0,aic,-45.74890116477289,24
6776,2,0,1,aic,-47.55030353945768,17
6780,2,0,1,aic,47.17275340454547,38
6796,0,0,1,aic,-31.722590792891523,14
6806,0,0,0,aic,29.763858645889453,30
6808,0,0,1,aic,-8.048517804844359,33
6817,0,0,2,aic,12.569417111540748,14
6838,0,0,0,aic,31.904345107365764,17
6854,1,0,1,aic,-69.91373333451222,30
6855,2,0,1,aic,-19.931862829621036,13
6858,2,0,0,aic,18.98547593292578,31
6865,0,0,0,aic,-13.198795548095191,25
6898,1,0,2,aic,6.435885510811294,36
6900,1,0,0,aic,-34.05645453402541,36
6903,2,0,2,aic,8.833107979232224,12
6905,1,0,2,aic,-39.120055764700254,28
6908,0,0,0,aic,10.434393168241156,36
6909,2,0,1,aic,-6.017613235225891,27
6918,0,0,0,aic,-14.485768180728652,13
6928,0,0,1,aic,-1.6718099823680443,18
6940,0,0,0,aic,-18.537773572494125,16
6958,2,0,2,aic,13.572079551123192,31
6979,1,0,0,aic,-47.823459634925555,30
698678,0,0,0,aic,-13.371950790274944,25
6997,0,0,0,aic,-24.27321769776471,14
7006,0,0,0,aic,60.23849599118099,36
700899,1,0,2,aic,11.035189790007657,12
7031,0,0,1,aic,-26.260424361671753,36
7032,2,0,2,aic,59.90528371508277,34
7035,0,0,2,aic,23.55099567826195,25
7046,1,0,0,aic,65.39227732388372,35
7062,0,0,1,aic,9.01232023398318,20
7090,2,0,2,aic,18.596861798714365,21
7113,1,0,2,aic,-23.917750973799485,19
711661,2,0,1,aic,2.3180717834087208,12
7118,1,0,2,aic,1.179334603962376,24
7128,0,0,1,aic,-31.148304298343987,14
7145,0,0,1,aic,0.854741200077016,20
7184,0,0,0,aic,-25.864851608034233,38
720676,0,0,0,aic,-15.756756729646533,16
7212,0,0,0,aic,32.98903195515281,14
721209,0,0,2,aic,6.481171141727423,14
7216,0,0,2,aic,-24.54786617588462,33
7223,0,0,0,aic,-3.2589917991228408,13
7224,1,0,0,aic,12.432155658299664,30
7228,0,0,0,aic,48.44721687192278,24
7238,0,0,2,aic,-11.412076210126546,12
7251,0,0,0,aic,23.388450378122958,17
7272,0,0,0,aic,48.201985601206815,37
7429,0,0,1,aic,8.439060686693002,26
744823,0,0,0,aic,25.1739254728418,26
7452,2,0,1,aic,10.386789861300196,14
7457,0,0,2,aic,9.282788292312258,17
7471,0,0,1,aic,-25.709548239000597,12
7487,2,0,1,aic,57.72407835267779,26
7533,0,0,0,aic,-6.948815212147618,35
7597,2,0,0,aic,-44.05552509832337,27
7598,0,0,2,aic,-12.052956328706621,23
7608,0,0,0,aic,25.014896338340428,13
7615,0,0,2,aic,-7.198546858469971,20
7622,1,0,0,aic,67.70403719690604,29
7625,1,0,0,aic,23.403522677837497,31
7630,2,0,2,aic,10.00002896648549,17
7635,0,0,1,aic,-30.226228445096396,22
7637,0,0,0,aic,-11.582844110460083,15
764175,0,0,1,aic,-46.03693527271093,26
7650,0,0,1,aic,-4.580228112360233,31
7662,0,0,2,aic,2.711561246152126,28
7674,0,0,0,aic,-13.642028669751426,12
768036,0,0,0,aic,25.840035869060063,26
7687,0,0,2,aic,18.490085610347464,18
769061,0,0,0,aic,-8.349272820776488,20
7693,2,0,2,aic,-56.03643563799805,32
7731,0,0,0,aic,-0.0027606195015010826,13
7732,0,0,1,aic,-7.791861361411231,20
7735,0,0,0,aic,-11.970601515055677,24
7736,0,0,0,aic,-10.158447551690585,18
776480,0,0,1,aic,-10.230156989932144,12
7793,0,0,0,aic,-6.494345060827662,12
7803,1,0,0,aic,105.56154713384764,36
7831,1,0,0,aic,-3.984611768139432,21
7857,0,0,0,aic,13.797558866253066,16
7877,0,0,0,aic,-2.7363728625271158,27
7894,0,0,2,aic,27.058308114528458,14
789619,0,0,2,aic,-4.293217298978702,20
7897,0,0,0,aic,33.351163722332544,25
7898,0,0,0,aic,28.846090347050758,30
7900,0,0,2,aic,37.14979358744101,18
7921,0,0,2,aic,49.76409816483537,18
7931,1,0,2,aic,-27.14226918896948,23
7952,1,0,0,aic,12.320554501909921,36
7980,2,0,2,aic,54.91243046197179,21
7991,0,0,0,aic,49.10182326600474,32
799954,0,0,0,aic,-3.8499372612038414,24
8008,0,0,2,aic,46.43721709168551,35
8009,0,0,2,aic,26.733430424276303,17
8024,2,0,2,aic,75.15563445463899,36
803132,2,0,1,aic,33.30276805958182,22
8033,0,0,0,aic,14.530697951487298,35
8035,0,0,0,aic,-19.721729144409238,22
805217,1,0,2,aic,-25.148354911061354,25
8205,1,0,0,aic,42.40398774923071,37
821388,0,0,0,aic,50.4302064016807,26
8237,0,0,0,aic,64.71629737300675,34
8240,0,0,2,aic,23.49988438771213,37
8241,0,0,1,aic,-65.85629812125137,32
8268,0,0,2,aic,-16.43327298708389,13
8287,0,0,1,aic,25.49225194652481,20
8309,0,0,0,aic,9.540105532312381,28
8311,2,0,0,aic,-104.8069744072091,33
8334,0,0,1,aic,-47.397883645686214,25
8358,0,0,1,aic,9.90365778564022,26
8359,1,0,0,aic,28.551322182455877,37
8363,0,0,2,aic,-26.446880052973228,12
8365,0,0,0,aic,7.578918097361962,24
8381,0,0,0,aic,24.60448491136885,18
8383,1,0,0,aic,36.10293603771608,25
8389,1,0,0,aic,22.612823885602953,34
8404,2,0,2,aic,6.324201795848527,13
8407,2,0,2,aic,47.64676067248674,37
8420,0,0,1,aic,6.345638346953642,16
8433,0,0,1,aic,-11.837407106148717,12
8453,1,0,0,aic,20.806289483188202,27
8477,0,0,1,aic,-52.096454190127346,38
8478,0,0,0,aic,-9.515159972280118,13
8496,0,0,0,aic,18.3733504481007,36
8515,1,0,0,aic,-21.849994026862152,38
852028,2,0,2,aic,33.32991965510374,16
8534,2,0,2,aic,62.29572513083745,22
8540,0,0,0,aic,-2.9662394857760113,23
8545,0,0,1,aic,-76.61915964683001,34
8554,1,0,0,aic,-38.875243450000774,34
857593,0,0,1,aic,29.434931370015033,12
857991,0,0,1,aic,-17.57302757382418,15
8584,0,0,0,aic,5.776526748143011,22
8600,0,0,0,aic,17.965523043498116,14
8611,2,0,2,aic,-1.0544707299208138,33
8623,0,0,0,aic,-19.277693835647668,15
8628,2,0,1,aic,-28.130560515508982,17
8670,0,0,0,aic,17.18814770862165,14
8671,0,0,0,aic,8.097867925280399,20
8677,0,0,1,aic,4.907579555555371,29
8678,1,0,1,aic,100.34916675431627,36
8690,2,0,2,aic,-51.37739740284941,19
8694,0,0,1,aic,-71.51259549060237,31
8807,0,0,0,aic,-40.846228572292674,32
8812,1,0,0,aic,-45.94110587419792,34
8815,0,0,2,aic,29.1962216989984,19
8827,2,0,2,aic,-2.1219005873419157,24
88880,2,0,2,aic,-19.539238042251924,26
891790,2,0,2,aic,-35.77772851774429,23
895980,1,0,2,aic,8.324981923784893,23
912192,0,0,1,aic,34.68510924055853,14
915464,1,0,1,aic,23.100969687164653,23
916221,0,0,0,aic,0.12473426655453679,17
916986,0,0,0,aic,25.045553324219036,20
931719,0,0,0,aic,9.413944147323695,19
94012,2,0,1,aic,19.439166118924692,14
949774,0,0,0,aic,38.52905607948106,27
983987,1,0,1,aic,68.37672099046902,22
988797,2,0,1,aic,-12.090736877180795,27
