firm_id,sales_growth_observations,matched_sales_forecasts,price_growth_observations,matched_price_forecasts
102096,0,0,0,0
106151,0,0,0,0
10807,0,0,0,0
110323,0,0,0,0
112406,0,0,0,0
113351,2,2,0,0
114410,0,0,0,0
115077,0,0,0,0
116246,0,0,0,0
117504,0,0,0,0
121259,0,0,0,0
121460,0,0,0,0
121937,0,0,0,0
123206,17,17,5,1
126197,8,8,0,0
126860,0,0,0,0
128457,1,1,0,0
128954,24,24,7,3
12912,0,0,0,0
130612,0,0,0,0
131963,0,0,0,0
132389,7,7,1,0
13287,23,23,6,2
142143,16,16,0,0
142881,0,0,0,0
146081,0,0,0,0
146290,0,0,0,0
148680,1,1,0,0
151534,0,0,0,0
151703,0,0,0,0
155833,0,0,0,0
156537,14,14,0,0
157198,5,3,0,0
1589363024531,0,0,0,0
1589363030855,0,0,0,0
1589363032397,0,0,0,0
1589363035437,0,0,0,0
1589363052884,8,8,5,1
1589363063515,0,0,0,0
1589363065075,0,0,0,0
1589363069284,0,0,0,0
1589363070790,0,0,0,0
1589363073614,0,0,0,0
1589363076633,0,0,0,0
1589363085013,0,0,0,0
1589363089004,0,0,0,0
1589363090453,0,0,0,0
1589363100368,0,0,0,0
1589363106050,7,6,4,1
1589363116937,0,0,0,0
1589363121131,1,1,4,0
1589363125283,0,0,0,0
1589363129794,0,0,0,0
1589363131162,2,2,0,0
1589363135320,0,0,0,0
1589363140860,0,0,0,0
1589363145244,0,0,0,0
1589363153381,0,0,0,0
1589363160428,0,0,0,0
1589363161842,0,0,0,0
1589363170356,16,15,5,1
1589363171779,0,0,0,0
1589363173151,0,0,0,0
1589363196663,0,0,0,0
1589363200887,0,0,0,0
1589363212032,0,0,0,0
1589363215947,0,0,0,0
1589363218667,0,0,0,0
1589363223077,0,0,0,0
1589363225900,24,24,6,2
1589363243687,0,0,0,0
1589363251956,0,0,0,0
1589363254736,0,0,0,0
1589363257461,0,0,2,0
1589363263025,1,1,3,0
1589363264434,2,2,0,0
1589363267205,0,0,0,0
1589363269959,0,0,0,0
1589363276892,0,0,0,0
1589363292134,7,7,0,0
1589363295002,0,0,0,0
1589363299167,0,0,0,0
1589363303310,0,0,0,0
1589363311474,0,0,0,0
1589363317067,0,0,0,0
1589363338321,16,16,7,3
1589363339742,0,0,0,0
1589363356218,15,14,0,0
1589363357562,0,0,0,0
1589363359584,0,0,0,0
1589363368246,0,0,0,0
1589363372689,0,0,0,0
1589363379511,0,0,0,0
1589363383678,0,0,0,0
1589363403383,0,0,0,0
1589363406027,0,0,0,0
1589363407399,0,0,0,0
1589363415819,0,0,0,0
1589363417160,2,0,0,0
1589363433884,1,1,0,0
1589363445352,0,0,0,0
1589363452175,0,0,0,0
1589363454953,0,0,0,0
1589363456433,0,0,0,0
1589363457833,0,0,0,0
1589363477896,2,2,0,0
1589363488918,0,0,0,0
1589363490285,0,0,0,0
1589363506686,0,0,0,0
1589363510931,2,0,0,0
1589363512364,20,20,5,1
1589363515260,0,0,0,0
1589363517989,0,0,0,0
1589363524971,0,0,0,0
1589363527701,0,0,0,0
1589363531814,0,0,0,0
1589363545774,0,0,0,0
1589363548479,11,11,2,0
1589363554038,0,0,0,0
1589363555473,14,14,0,0
1589363573364,0,0,0,0
1589363574794,4,4,5,0
1589363578954,0,0,0,0
1589363583054,0,0,0,0
1589363585789,0,0,0,0
1589363592656,0,0,0,0
1589363594019,2,2,0,0
1589363603690,0,0,0,0
1589363605178,0,0,0,0
1589363609453,0,0,0,0
1589363614940,0,0,0,0
1589363619043,0,0,0,0
1589363620386,0,0,0,0
1589363625423,1,1,0,0
1589363640852,0,0,0,0
1589363647690,0,0,0,0
1589363654742,0,0,0,0
1589363664640,0,0,0,0
1589363676516,0,0,0,0
1589363683507,1,1,0,0
1589363684894,0,0,0,0
1589363688994,0,0,0,0
1589363700374,0,0,0,0
1589363703124,2,0,0,0
1589363729999,0,0,0,0
1589363747905,0,0,0,0
1589363750687,0,0,0,0
1589363756233,0,0,0,0
1589363757607,21,19,6,2
1589363771626,0,0,0,0
1589363778109,0,0,0,0
1589363783703,0,0,0,0
1589363786480,0,0,0,0
1589363802842,3,3,0,0
1589363818029,0,0,0,0
1589363820834,0,0,0,0
1589363826429,1,1,0,0
1589363830511,22,21,6,2
1589363840761,0,0,0,0
1589363843600,0,0,0,0
1589363845001,0,0,0,0
1589363847972,2,2,0,0
1589363849371,0,0,0,0
1589363860154,0,0,0,0
1589363865826,0,0,0,0
1589363867260,0,0,0,0
1589363872772,1,1,0,0
1589363875598,0,0,0,0
1589363877013,0,0,0,0
1589363878400,0,0,0,0
1589363886886,1,1,3,0
1589363893692,0,0,0,0
1589363897841,0,0,0,0
1589363899188,0,0,0,0
1589363901984,0,0,0,0
1589363904736,1,1,0,0
1589363913758,11,11,0,0
1589363919801,0,0,0,0
1589363928225,0,0,0,0
1589363930997,0,0,0,0
1589363933802,0,0,0,0
1589363939251,0,0,0,0
1589363944696,0,0,0,0
1589363948632,3,3,0,0
1589363968245,1,1,3,1
1589363980370,0,0,0,0
1589363984461,0,0,0,0
1589363988690,22,3,7,1
1589363990050,2,2,0,0
1589363998185,1,1,0,0
1589364013441,9,9,0,0
1589559414441,0,0,0,0
1589992428578,9,9,0,0
1590008501870,0,0,0,0
1590010488597,0,0,0,0
1590010697831,4,4,0,0
1590093498853,2,2,0,0
1590165426519,3,3,3,0
1590500256287,0,0,0,0
1590518008863,6,6,0,0
1590518912221,2,2,0,0
1590519727061,2,2,6,2
1590519779274,0,0,0,0
1590523117342,0,0,0,0
1590590004055,3,3,2,0
1590599883377,0,0,0,0
1590694337717,0,0,0,0
1590785072555,23,23,7,3
1590785278265,0,0,0,0
1590785602122,0,0,0,0
1591113930090,0,0,0,0
1591122629020,0,0,0,0
1591124482692,18,9,6,1
1591125244341,22,20,7,3
1591128911878,0,0,0,0
1591130362181,0,0,0,0
1591194006092,0,0,0,0
1591196905415,0,0,0,0
1591206569451,0,0,0,0
1591211602243,16,11,4,1
1591213023856,0,0,0,0
1591215558303,0,0,0,0
1591216689943,0,0,0,0
1591217241039,4,4,3,1
1591219070307,0,0,0,0
1591281000230,0,0,0,0
1591281851684,1,1,0,0
1591285640675,0,0,0,0
1591286277928,1,1,0,0
1591298914191,0,0,0,0
1591304715782,0,0,0,0
1591624310885,12,8,4,1
1591631025924,0,0,0,0
1591643101559,0,0,0,0
1591713367568,0,0,0,0
1591716074590,1,0,0,0
1591724673836,0,0,0,0
1591730602513,0,0,0,0
1591731544273,0,0,0,0
1591736820778,1,0,0,0
1591798444972,3,3,0,0
1591798591492,0,0,0,0
1591803580734,0,0,0,0
1591809396035,1,1,0,0
1591810385021,0,0,0,0
1591813324925,0,0,0,0
1591813492357,0,0,0,0
1591820107668,7,7,0,0
1591886612489,0,0,0,0
1591886761362,23,22,6,2
1591887058532,6,6,0,0
1591889219252,0,0,0,0
1591897475766,0,0,0,0
1591899402896,0,0,0,0
1591904620618,14,14,0,0
1591910533167,0,0,2,0
1592227204249,0,0,0,0
1592227664873,0,0,0,0
1592228772501,0,0,0,0
1592231638564,0,0,0,0
1592240846932,0,0,0,0
1592242366631,0,0,0,0
1592249524990,23,23,7,2
1592316142525,16,16,4,0
1592318120020,0,0,0,0
1592320750015,0,0,0,0
1592322314749,0,0,0,0
1592323848744,0,0,0,0
1592328417900,0,0,0,0
1592329851815,0,0,0,0
1592332594473,0,0,0,0
1592343328284,0,0,0,0
1592401504188,7,7,0,0
1592407875623,0,0,0,0
1592408739517,0,0,0,0
1592410000000,0,0,0,0
1592410365854,4,4,0,0
1592411916210,0,0,0,0
1592414381866,0,0,0,0
1592422191290,14,14,0,0
1592486397632,0,0,0,0
1592498177592,0,0,0,0
1592832914208,0,0,0,0
1592838887768,0,0,0,0
1592920756723,0,0,0,0
1592923662281,2,0,0,0
1592936506211,0,0,0,0
1592938621232,0,0,0,0
1593005372353,0,0,0,0
1593012203967,5,3,0,0
1593015111313,1,1,0,0
1593018973812,0,0,0,0
1593020976816,1,1,0,0
1593025830219,7,6,0,0
1593203863111,9,9,0,0
1593443257029,0,0,0,0
1593444327198,3,2,1,0
1593447996606,7,7,0,0
1593545503625,0,0,0,0
1593547683858,0,0,0,0
1593552519649,0,0,0,0
1593611951100,7,7,0,0
1593612483636,0,0,0,0
1593614379396,14,14,1,0
1593616073002,5,5,1,0
1593625470771,0,0,0,0
1593626699656,0,0,0,0
1593630233015,0,0,0,0
1593630357416,3,3,0,0
1593711068155,22,22,7,3
1593716906225,0,0,0,0
1593724793542,0,0,0,0
1593801670099,0,0,0,0
1594042642909,11,11,3,1
1594047295225,0,0,1,0
1594054758397,0,0,0,0
1594056529868,0,0,0,0
1594056626362,9,3,5,0
1594057932580,0,0,6,2
1594062390793,0,0,0,0
1594070464669,0,0,0,0
1594129311325,10,10,0,0
1594129694708,0,0,0,0
1594135119531,3,3,0,0
1594137873542,0,0,0,0
1594138358246,0,0,0,0
1594148077916,0,0,0,0
1594222122934,18,18,3,0
1594226775346,0,0,0,0
1594228161294,0,0,0,0
1594231434168,0,0,0,0
1594234297398,0,0,0,0
1594236348808,0,0,0,0
1594303910751,3,2,0,0
1594308028343,16,16,7,3
1594308966533,0,0,0,0
1594310298504,0,0,0,0
1594321194402,0,0,0,0
1594321824718,0,0,0,0
1594324122746,0,0,0,0
1594324489279,0,0,0,0
1594406882515,0,0,0,0
1594647804858,23,23,6,2
1594667422441,3,2,3,0
1594732771305,0,0,0,0
1594734182656,0,0,0,0
1594740072243,0,0,0,0
1594835407509,0,0,0,0
1594835685553,0,0,5,0
1594842871311,0,0,0,0
1594844922400,0,0,0,0
1594846747462,0,0,0,0
1594908368479,0,0,0,0
1594910637202,0,0,0,0
1594913941088,0,0,0,0
1595013581578,0,0,0,0
1595017048606,0,0,0,0
1595251639123,0,0,0,0
1595253381350,0,0,0,0
1595266694694,0,0,0,0
1595271517057,19,18,5,1
1595273977300,1,1,0,0
1595338524886,0,0,0,0
1595341593100,9,9,0,0
1595342883546,0,0,0,0
1595345023559,0,0,0,0
1595353008332,0,0,0,0
1595442094263,0,0,0,0
1595442949168,0,0,0,0
1595450265931,0,0,0,0
1595519985011,4,4,6,2
1595523810375,0,0,0,0
1595524110167,0,0,0,0
1595629024653,21,20,6,2
1595875469127,4,4,2,0
1595952476573,4,4,0,0
1596034839991,7,7,3,1
1596044080254,4,4,4,0
1596052026528,8,7,0,0
1596123183754,0,0,0,0
1596128007576,0,0,0,0
1596133347458,1,1,0,0
1596136180117,0,0,0,0
1596206961168,0,0,0,0
1596207470794,0,0,0,0
1596227522153,0,0,0,0
1596462505537,0,0,0,0
1596468922344,0,0,0,0
1596469326084,1,0,0,0
1596472330963,0,0,0,0
1596477397505,0,0,0,0
1596484396121,0,0,0,0
1596489620203,0,0,0,0
1596549305684,4,4,0,0
1596552103202,0,0,0,0
1596574791839,3,3,0,0
1596649543888,0,0,0,0
1596723839485,0,0,0,0
1596729157454,16,16,2,0
1596832358171,0,0,0,0
1597081393716,2,2,0,0
1597086615884,0,0,0,0
1597157240670,0,0,0,0
1597160270141,0,0,0,0
1597261788269,2,1,0,0
1597330495641,0,0,0,0
1597332339059,0,0,0,0
1597672630615,0,0,0,0
1597842951851,0,0,0,0
1598364534354,0,0,0,0
1599577977928,0,0,0,0
1600184827564,0,0,0,0
1600198312178,0,0,0,0
1600267263557,0,0,0,0
1600276905245,0,0,0,0
1600281303134,0,0,0,0
1600708664599,0,0,0,0
1600786236622,0,0,0,0
1600885076119,0,0,0,0
1600888679029,0,0,0,0
1600956836407,19,6,7,2
1600957578864,0,0,0,0
1601301058287,18,17,3,1
1601391142645,0,0,0,0
1601410950225,0,0,0,0
1601473287317,6,6,2,0
1601585930258,0,0,0,0
1601665924473,0,0,0,0
1601905722216,0,0,0,0
1601998487196,0,0,0,0
1602001699978,0,0,0,0
1602077754909,0,0,0,0
1602078817794,0,0,0,0
1602100508912,0,0,0,0
1602186547163,0,0,0,0
1602682360945,0,0,0,0
1602795192937,0,0,0,0
1602795213370,0,0,0,0
1603122497959,2,2,1,0
1603205633015,0,0,0,0
1603226643254,0,0,1,0
1603306216238,0,0,0,0
1603468753081,0,0,0,0
1603723772630,0,0,0,0
1603725595150,0,0,0,0
1603739463532,0,0,0,0
1603815529886,4,4,3,0
1603826639579,0,0,0,0
1604330021244,0,0,0,0
1604335183426,0,0,0,0
1604498764988,0,0,0,0
1604587920164,0,0,0,0
1604675180798,0,0,5,1
1604692309688,0,0,0,0
1604938158820,0,0,0,0
1604940016008,0,0,0,0
1605214591745,0,0,0,0
1605293269333,16,4,5,1
1605302109365,3,3,0,0
1605642702247,0,0,0,0
1605643281508,0,0,0,0
1605712421537,0,0,0,0
1605722467153,0,0,0,0
1606143448269,0,0,0,0
1606146924377,1,1,0,0
1606155321628,0,0,0,0
1606162583864,0,0,0,0
1606226418765,0,0,0,0
1606228920298,0,0,0,0
1606229545206,0,0,0,0
1606253363014,0,0,0,0
1606253635991,0,0,0,0
1606319119520,3,2,4,2
1606751996187,0,0,0,0
1606756381619,1,0,0,0
1606761755685,0,0,0,0
1607009332355,0,0,0,0
1607020331286,0,0,0,0
1607107535628,11,11,0,0
1607527457824,0,0,0,0
1607532560233,0,0,0,0
1607701222179,0,0,0,0
1607972156889,0,0,0,0
1607978058167,0,0,0,0
1607978499197,17,0,6,1
1608052936533,0,0,0,0
1608057857806,0,0,0,0
1608057980739,0,0,0,0
1608068826712,0,0,0,0
1608146840819,3,2,4,1
1608223560184,0,0,0,0
1608227732279,0,0,0,0
1608228508790,0,0,0,0
1608231996537,0,0,0,0
1608233125340,0,0,1,0
1608563266827,0,0,0,0
1608657305007,0,0,0,0
1610634925200,0,0,0,0
1610637490747,0,0,0,0
1611257520477,0,0,0,0
1611584770347,0,0,0,0
1611592577289,0,0,0,0
1611593438363,0,0,0,0
1611771345227,0,0,0,0
1611777697737,4,4,0,0
161185,0,0,0,0
1611851344740,0,0,0,0
1611851517711,0,0,1,0
1612200173974,0,0,0,0
1612209179379,3,3,4,1
1612370045827,0,0,0,0
1612538672754,0,0,0,0
1612800359244,2,0,0,0
1612802519552,0,0,1,0
1612881240457,0,0,1,0
1612971507494,0,0,0,0
1612972780989,0,0,2,0
1612991330195,1,1,1,0
1613058451775,0,0,0,0
1613062016640,4,4,0,0
1613064958406,0,0,0,0
1613587214178,0,0,0,0
1613662954659,0,0,0,0
1613673991200,0,0,0,0
1614200270499,0,0,0,0
1614610078957,0,0,0,0
1614694803944,0,0,0,0
1614783107246,0,0,0,0
1614790841151,0,0,0,0
1615299747677,4,4,2,0
1615302844830,0,0,0,0
1615490681779,14,14,7,3
1615919522344,12,12,6,1
1616428730108,8,8,5,1
1616594085463,14,14,0,0
1617110472642,0,0,0,0
1617202362153,9,9,3,0
1617730332191,0,0,0,0
1617898145993,0,0,0,0
1618231963232,0,0,0,0
1618325948207,0,0,0,0
1618513119700,0,0,0,0
1618851238928,0,0,0,0
1619448374483,0,0,0,0
1619456040503,3,3,0,0
1620056195780,16,16,7,2
1620743985181,4,4,0,0
1622646144529,12,11,6,2
1622651442558,0,0,0,0
1622729736458,0,0,0,0
1622734568540,0,0,0,0
1622735177006,0,0,0,0
1622737858980,0,0,0,0
1622743578816,6,6,0,0
1622745422952,0,0,0,0
1622824444649,1,1,1,0
1622824485852,0,0,0,0
1623074981176,0,0,0,0
1623163728974,0,0,0,0
1623166948959,0,0,0,0
1623169297993,0,0,0,0
1623173915329,0,0,0,0
1623257373574,0,0,0,0
1623257710677,0,0,0,0
1623264188219,1,1,5,1
1623267437696,0,0,0,0
1623339468985,0,0,0,0
1623350791897,2,2,3,1
1623352384427,0,0,0,0
1623357167986,0,0,0,0
1623420251927,3,3,3,1
1623677929369,0,0,0,0
1623682162397,0,0,0,0
1623692369813,0,0,0,0
1623693327119,0,0,0,0
1623701067161,0,0,0,0
1623768843797,0,0,0,0
1623790536500,0,0,1,0
1623853439295,3,3,4,1
1623857155173,0,0,0,0
1623859577453,0,0,0,0
1623937950439,1,1,2,0
1623938987245,0,0,0,0
1623944662829,0,0,0,0
1623947597018,13,13,4,2
1624283203159,0,0,0,0
1624284904332,0,0,0,0
1624299691267,5,1,0,0
1624307051358,0,0,0,0
1624367133179,9,6,0,0
1624388139968,0,0,0,0
1624461759332,3,3,1,0
1624463833940,0,0,0,0
1624477985074,0,0,0,0
1624478532698,1,1,5,1
1624545965892,0,0,0,0
1624548533297,1,1,2,0
1624554705206,0,0,0,0
1624555536908,0,0,0,0
1624642339117,0,0,0,0
1624891772874,17,17,7,3
1624899300174,0,0,0,0
1624902676507,9,2,5,0
1624905017425,0,0,0,0
1624986547750,2,2,0,0
1624987209561,0,0,0,0
1624989466444,0,0,5,1
1624997488435,0,0,0,0
1624999490170,0,0,0,0
1625072985971,1,1,3,0
1625073469071,0,0,0,0
1625075466630,0,0,0,0
1625079024433,0,0,0,0
1625151365774,0,0,2,1
1625156435240,7,7,0,0
1625165051556,0,0,0,0
1625172101450,0,0,0,0
1625231452871,0,0,0,0
1625594199103,0,0,0,0
1625598894348,0,0,0,0
1625599825750,1,1,0,0
1625600876217,0,0,0,0
1625668990644,0,0,0,0
1625767623559,0,0,0,0
1625767643516,1,0,0,0
1625772923621,0,0,0,0
1625774535830,0,0,0,0
1625843860330,0,0,0,0
1626093995351,0,0,0,0
1626099902103,10,10,4,1
1626106680406,0,0,0,0
1626117251814,0,0,0,0
1626119425801,7,1,4,0
1626185582987,0,0,0,0
1626190197536,0,0,0,0
1626191976224,0,0,0,0
1626192316800,2,2,0,0
1626192325342,0,0,0,0
1626278093503,0,0,0,0
1626287632044,0,0,2,0
1626290304364,0,0,0,0
1626359031283,0,0,0,0
1626368221122,3,3,4,1
1626700903718,0,0,0,0
1626723013991,1,1,6,2
1626725084498,0,0,0,0
1626725954311,11,11,3,0
1626793816044,0,0,0,0
1626895574921,2,2,0,0
1626900276335,0,0,0,0
1626968566613,17,17,6,2
1626973457333,0,0,0,0
1627323359994,0,0,0,0
1627325278585,1,1,0,0
1627399712021,0,0,0,0
1627399899857,0,0,1,0
1627399987564,15,15,7,3
1627408579039,1,1,0,0
1627483294191,10,9,3,0
1627486684213,12,6,0,0
1627491780203,1,1,0,0
1627501341468,0,0,0,0
1627664713562,16,14,7,2
1627917162006,0,0,0,0
1627918454879,3,3,7,3
1627919194556,0,0,0,0
1627932541389,0,0,0,0
1627999417399,0,0,0,0
1628014460179,0,0,0,0
1628017033750,1,1,0,0
1628083201482,0,0,0,0
1628083353449,0,0,0,0
1628084250495,0,0,0,0
1628104014453,0,0,0,0
1628104558369,0,0,0,0
1628179669561,11,8,6,2
1628605604918,0,0,0,0
1628605637279,13,13,6,2
1628616744215,2,2,0,0
1628687143423,0,0,0,0
1628691744583,0,0,0,0
1628692305940,0,0,0,0
1628710739590,3,3,3,0
1628713473129,0,0,0,0
1628714444720,0,0,0,0
1628779059299,0,0,0,0
1628780051040,0,0,0,0
1628780912719,2,2,0,0
1628804982695,7,7,4,1
1628863211992,0,0,0,0
1629125630816,0,0,0,0
1629127991255,9,9,7,3
1629218993924,3,2,1,0
1629471977463,8,8,1,0
1629723663065,8,4,2,0
1629737702652,0,0,0,0
1629824253861,11,11,1,0
1629825035151,0,0,0,0
1629900346658,16,16,6,2
1630007106497,0,0,0,0
1630092930635,0,0,2,0
1630093399363,15,15,6,2
1630436457527,0,0,0,0
1630443702268,3,3,0,0
1630502861779,0,0,0,0
1630518810959,8,8,1,0
1630519951242,0,0,0,0
1630612990429,0,0,0,0
1630679078526,5,5,0,0
1630686993044,3,1,1,0
1630700092611,0,0,0,0
1631029439347,0,0,0,0
1631132980225,0,0,0,0
1631209240682,0,0,0,0
1631295436150,0,0,0,0
1631295665553,2,2,0,0
1631297304140,5,5,0,0
1631298220694,0,0,0,0
1631305260235,0,0,0,0
1631540826432,1,1,0,0
1631559290761,0,0,0,0
1631650528268,0,0,0,0
1631907357791,0,0,0,0
1631907775302,15,15,7,3
1632146513720,0,0,0,0
1632151172282,6,6,0,0
1632330732541,0,0,0,0
1632860089168,2,2,0,0
1633011693702,0,0,0,0
1633538252133,0,0,0,0
1633697301217,4,4,0,0
1633698911940,1,1,0,0
1634318824641,11,11,5,2
1634583177850,0,0,0,0
1634649145484,6,5,7,3
1634842914852,0,0,0,0
1634845841108,0,0,0,0
1634937742038,2,2,1,0
1635182619375,1,1,2,0
1635184962828,0,0,0,0
1635279729699,0,0,0,0
1635436731998,0,0,0,0
1635779550375,0,0,0,0
1635791083245,2,2,3,0
1635792482432,5,5,3,1
1635869644576,0,0,0,0
1635877503894,0,0,0,0
1635948645057,0,0,0,0
1635959073751,0,0,0,0
1635971287788,0,0,0,0
1636120989775,15,15,7,3
1636134212556,1,1,0,0
1636382816687,1,0,2,0
1636385617202,0,0,0,0
1636398524233,7,6,6,2
1636402928715,0,0,0,0
1636492364978,0,0,0,0
1636568673513,0,0,0,0
1636579242418,0,0,0,0
1637091211641,0,0,0,0
1637596827814,6,6,3,0
1637599613430,15,15,6,2
1637618644283,0,0,0,0
1638207471499,0,0,0,0
1638382044940,2,2,1,0
1638387390310,15,15,6,2
1638469226219,1,1,0,0
1638475864261,0,0,6,0
1638544372373,0,0,0,0
1638557023117,0,0,0,0
1638561530569,0,0,0,0
1638803247621,13,10,7,1
1638805631282,0,0,0,0
1638899510806,1,1,0,0
1639082641898,0,0,2,0
1639412723136,0,0,0,0
1639668701320,0,0,0,0
1641927010660,0,0,0,0
1642002114597,3,3,7,3
1643301953125,0,0,0,0
1643308214193,0,0,0,0
1643312836533,0,0,1,0
1643315667677,0,0,0,0
1643642774165,0,0,0,0
1643651388164,12,12,7,3
1643738886195,0,0,2,0
1643740461083,0,0,1,0
1643750251063,0,0,0,0
1643753427194,3,3,2,0
1643819153558,1,1,0,0
1643820350109,1,1,0,0
1643834060882,1,1,4,1
1643837922670,0,0,0,0
1643838037624,0,0,0,0
1643900760795,0,0,0,0
1643907761943,0,0,0,0
1643911423055,4,3,1,0
1643917288655,0,0,1,0
1643985816162,0,0,0,0
1643990641218,7,7,6,2
1644002035925,0,0,0,0
1644249907922,0,0,0,0
1644251376775,0,0,0,0
1644252100056,0,0,0,0
1644253030964,13,13,4,1
1644261604610,1,0,0,0
1644262988151,5,5,0,0
1644265470237,0,0,0,0
1644271257135,0,0,0,0
1644337345589,0,0,0,0
1644338896707,0,0,0,0
1644347692668,3,3,4,1
1644420775975,0,0,0,0
1644421109847,4,4,5,1
1644510513812,10,7,4,1
1644511415856,9,9,2,0
1644512064573,14,10,6,2
1644512156550,0,0,0,0
1644517785980,0,0,0,0
1644522078406,0,0,0,0
1644591269419,4,4,4,1
1644591308756,2,2,0,0
1644605095227,0,0,0,0
1644853150979,0,0,0,0
1644856054213,2,2,0,0
1644858265698,11,11,7,3
1644859420939,0,0,0,0
1644861598324,0,0,0,0
1644870180584,0,0,0,0
1644871597226,9,9,6,2
1644876056341,0,0,0,0
1644939775914,0,0,1,0
1644941936993,1,1,2,0
1644943712787,11,10,7,3
1644946219321,1,1,0,0
1644947981501,0,0,0,0
1645028571519,1,1,0,0
1645036015438,3,3,6,2
1645048521980,7,7,7,3
1645107823094,0,0,0,0
1645109582094,0,0,0,0
1645120343470,0,0,0,0
1645125764302,11,11,4,1
1645131953294,1,1,4,0
1645199247890,8,8,0,0
1645201422797,0,0,0,0
1645549469100,5,5,3,1
1645551169423,0,0,0,0
1645551497255,5,5,0,0
1645557841630,0,0,0,0
1645631382252,0,0,0,0
1645640965310,0,0,0,0
1645719336191,2,2,3,0
1645818045504,0,0,0,0
1645821469728,0,0,0,0
1645825192126,0,0,0,0
1646059163799,1,1,0,0
1646060535068,0,0,0,0
1646070677704,3,3,3,0
1646077462444,0,0,0,0
1646146499657,11,11,6,2
1646149223411,9,8,7,2
1646152450081,0,0,0,0
1646156844113,0,0,0,0
1646157351311,0,0,0,0
1646160596236,1,1,0,0
1646166232067,0,0,0,0
1646167397570,0,0,0,0
1646234061035,4,4,0,0
1646236437504,0,0,0,0
1646250004971,0,0,0,0
1646255572589,2,2,0,0
1646256980781,6,5,2,0
1646335487664,2,2,1,0
1646339890402,0,0,0,0
1646418658848,0,0,0,0
1646672966981,0,0,6,2
1646754255487,0,0,0,0
1646755331344,0,0,0,0
1646847106078,0,0,0,0
1646859345424,0,0,0,0
1646922143106,0,0,0,0
1646945067812,0,0,0,0
1646946060684,0,0,0,0
1646948301041,0,0,0,0
1647017811625,8,8,3,1
1647022796040,0,0,0,0
1647032859419,0,0,0,0
1647269065051,0,0,0,0
1647281094275,0,0,0,0
1647291876929,0,0,0,0
1647357365331,11,11,7,3
1647378408313,0,0,1,0
1647451209277,10,8,7,3
1647454152540,0,0,1,0
1647460255565,8,4,7,2
1647533074371,7,7,5,1
1647545661258,0,0,0,0
1647631267290,0,0,0,0
1647632058565,0,0,0,0
1647632977774,0,0,0,0
1647634830514,9,8,7,3
1647886291243,0,0,0,0
1647957006851,0,0,0,0
1647960790588,2,2,3,0
1647961503175,0,0,0,0
1648042146060,0,0,1,0
1648068335089,0,0,0,0
1648142851643,6,6,0,0
1648153708063,0,0,0,0
1648240569329,3,3,4,0
1648471871420,0,0,0,0
1648474365660,0,0,0,0
1648492036936,0,0,0,0
1648561836478,1,1,7,3
1648565654887,1,1,0,0
1648652580191,0,0,0,0
1648669058701,9,9,7,3
1648736610673,0,0,4,0
1648759957573,0,0,1,0
1648827960605,0,0,0,0
1649086704416,0,0,0,0
1649176675458,0,0,1,0
1649176849274,5,5,3,0
1649250368760,13,13,6,2
1649256475715,1,1,0,0
1649268801510,13,13,6,2
1649347189640,0,0,3,1
1649440453704,0,0,0,0
1649770776890,0,0,0,0
1649855315164,6,6,3,0
1649867344802,0,0,3,0
1649951072467,0,0,0,0
1649964508842,0,0,0,0
1650288651144,10,10,7,3
1650299700298,0,0,0,0
1650300628440,0,0,0,0
1650319606089,2,1,2,0
1650560441409,0,0,1,0
1650575262641,0,0,0,0
1650899295879,0,0,2,0
1650910051352,0,0,0,0
1650918267589,12,12,6,2
1650995234787,0,0,0,0
1651001222480,0,0,0,0
1651172250983,0,0,0,0
1651236138604,0,0,0,0
1651259283664,5,5,3,0
1651511977718,0,0,0,0
1651601997006,0,0,1,0
1651607473330,5,5,3,0
1651670971479,10,10,7,3
1651675739063,1,1,2,0
1651842060994,0,0,0,0
1652109483350,0,0,0,0
1652115665668,0,0,4,1
1652195971799,0,0,0,0
1652198849249,6,3,7,3
1652278691394,0,0,0,0
1652366165834,0,0,0,0
1652374068499,0,0,0,0
1652469903390,11,11,6,2
1652716843727,10,10,7,3
1652814520455,11,11,7,3
1652885913405,2,1,0,0
1653335664954,0,0,0,0
1653340284451,7,7,7,3
1653405137718,0,0,0,0
1653498530176,0,0,3,1
1653576732873,0,0,0,0
1653588775680,9,9,5,1
1653668612976,1,1,0,0
1653671672970,0,0,0,0
1654005485905,0,0,0,0
1654006134196,0,0,0,0
1654012198100,1,1,0,0
1654013053219,0,0,0,0
1654014743334,0,0,0,0
1654015349872,1,1,1,0
1654024080780,0,0,0,0
1654100491888,0,0,0,0
1654180833672,1,1,4,1
1654191567647,0,0,2,0
1654265064853,0,0,1,0
1654699824702,7,7,5,2
1654782110375,0,0,0,0
1655390738331,0,0,0,0
1655395237685,8,8,3,0
1655405347128,0,0,1,0
1655406547402,0,0,0,0
1655407547552,0,0,0,0
1655412813878,10,10,7,3
1655483137574,0,0,0,0
1655824885544,5,5,3,0
1655828901986,0,0,0,0
1655832341477,0,0,0,0
1655838194906,0,0,0,0
1655838622570,8,7,7,3
1655906140917,0,0,0,0
1655923448481,1,1,0,0
1655924152280,0,0,0,0
1655993321262,3,3,3,0
1656008191074,0,0,0,0
1656085704417,0,0,0,0
1656339977671,0,0,0,0
1656342891967,0,0,0,0
1656420926319,0,0,2,0
1656427912371,0,0,0,0
1656429317723,0,0,0,0
1656430013064,0,0,0,0
1656439657746,0,0,0,0
1656447670343,0,0,0,0
1656510901467,0,0,0,0
1656515001893,8,8,7,3
1656516985912,0,0,0,0
1656518445206,9,9,6,2
1656519487291,9,9,5,2
1656520671592,0,0,0,0
1656525696792,0,0,0,0
1656527796006,0,0,0,0
1656597653075,3,3,3,1
1656602863688,6,6,0,0
1656603367966,0,0,0,0
1656608635670,6,6,5,1
1656611775177,0,0,0,0
1656619992482,0,0,0,0
1656690729984,0,0,0,0
1657028294070,5,4,4,1
1657031272081,1,1,0,0
1657031302117,0,0,0,0
1657048703076,7,7,2,0
1657117269519,0,0,0,0
1657119232628,0,0,0,0
1657120612666,1,1,0,0
1657132252407,0,0,0,0
1657132404739,0,0,0,0
1657202018414,0,0,0,0
1657202589632,0,0,0,0
1657213872834,0,0,0,0
1657220731571,0,0,0,0
1657223624400,0,0,0,0
1657224490161,1,1,4,0
1657225913391,2,2,6,2
1657288039414,2,2,0,0
1657294422280,0,0,0,0
1657300813296,0,0,1,0
1657301651641,0,0,0,0
1657301990754,0,0,0,0
1657303301581,0,0,0,0
1657557132997,1,1,4,1
1657568692421,0,0,0,0
1657632180128,4,4,7,1
1657639375007,8,8,7,3
1657647298335,0,0,0,0
1657648160113,0,0,0,0
1657654037808,0,0,0,0
1657654573626,1,1,3,1
1657722702627,0,0,0,0
1657723857947,0,0,0,0
1657731427412,0,0,0,0
1657735852931,0,0,0,0
1657736977281,7,7,7,3
1657740324773,0,0,0,0
1657740586802,0,0,1,0
1657743373267,6,6,6,3
1657743647048,5,4,0,0
1657810417064,0,0,0,0
1657817877724,0,0,0,0
1657820593677,2,1,7,2
1657825763776,0,0,0,0
1657903279440,4,4,6,2
1658237746770,7,7,0,0
1658241624984,10,10,6,2
1658241997582,5,5,4,0
165827,0,0,0,0
1658324002525,0,0,0,0
1658427630140,0,0,0,0
1658428450241,6,6,2,0
1658433252073,5,5,6,2
1658435686776,0,0,0,0
1658436575936,0,0,0,0
1658498274471,0,0,0,0
1658760487721,0,0,0,0
1658845251618,8,8,7,3
1658845678480,3,3,0,0
1658846294837,0,0,0,0
1658849069391,0,0,0,0
1658851965348,0,0,0,0
1658858335797,1,1,0,0
1658865547963,8,8,7,3
1658868873555,10,9,7,3
1659018520266,0,0,0,0
1659104809030,0,0,0,0
1659105351873,0,0,0,0
1659365136234,0,0,0,0
1659376077937,0,0,0,0
1659376891457,0,0,0,0
1659386933074,0,0,0,0
1659448647979,2,2,2,0
1659452068462,0,0,0,0
1659534778248,0,0,0,0
1659535079847,0,0,1,0
1659536699132,0,0,0,0
1659539060542,8,8,7,3
1659543652811,0,0,2,0
1659543945679,0,0,0,0
1659553467740,3,3,4,0
1659634361736,0,0,0,0
1659637185700,0,0,1,0
1659715871194,2,2,6,0
1659733175618,0,0,0,0
1659971180378,5,5,0,0
1660054861808,0,0,0,0
1660059030851,1,1,4,0
1660144113506,0,0,0,0
1660247812908,0,0,0,0
1660250686919,0,0,2,0
1660320804492,6,6,1,0
1660321388521,6,6,6,1
1660763220314,7,7,7,3
1662154538645,0,0,0,0
1662566180275,0,0,0,0
1662664137236,1,0,0,0
1662750397322,2,2,0,0
1663015601529,0,0,0,0
1663093187325,2,2,0,0
1663094260925,0,0,0,0
1663098763087,5,2,5,0
1663259756333,6,6,3,0
1663360933141,0,0,0,0
1663602236325,8,4,7,3
1663606969107,0,0,0,0
1663619088590,0,0,0,0
1663872297312,7,7,4,0
1663957859863,0,0,0,0
1664292528979,0,0,0,0
1664377542366,2,2,4,0
1664383011059,0,0,0,0
1664465132812,9,9,7,3
1664479344495,0,0,0,0
1664560512993,1,1,1,0
1664567188493,0,0,0,0
1664568357665,0,0,1,0
1664917253170,0,0,1,0
1665004255929,2,2,7,3
1665060807135,0,0,0,0
1665068254102,0,0,0,0
1665169359643,4,4,1,0
1665507332119,0,0,0,0
1665593531590,0,0,0,0
1665598707578,0,0,0,0
1665762144224,0,0,0,0
1665768772034,0,0,0,0
1666102537474,0,0,0,0
1666193755890,0,0,0,0
1666208526596,0,0,0,0
1666275334863,0,0,2,0
1666288623962,1,0,0,0
1666367117987,0,0,0,0
1666374488027,2,2,2,0
1666646500684,1,1,1,0
1666701845532,0,0,0,0
1666815789030,3,3,5,2
1666815875987,0,0,0,0
1666817557097,2,2,2,0
1666821855905,0,0,0,0
1666880584475,0,0,0,0
1666892112736,0,0,0,0
1666976808898,0,0,0,0
1666988500811,0,0,0,0
1667237223055,5,3,7,1
1667412218342,5,5,6,2
1667413802891,9,9,6,2
1667842079079,0,0,0,0
1668543213919,0,0,0,0
1668545713387,0,0,1,0
1668552458750,0,0,0,0
1668624607619,0,0,0,0
1668699775991,0,0,0,0
1668716415362,0,0,4,1
1668798849475,0,0,0,0
1669147749064,0,0,0,0
1669995069726,4,4,6,2
1670278993095,0,0,0,0
1670346074072,0,0,0,0
1671034791866,0,0,0,0
1671041541349,7,7,6,2
1671042552043,0,0,1,0
1671054508196,0,0,0,0
1671117208469,1,1,2,0
1671208434392,0,0,0,0
1672939073547,7,7,5,2
1673468577507,4,3,5,2
1673469613312,7,7,7,3
1673475365703,1,1,6,2
1673549097403,0,0,0,0
1673549726648,0,0,0,0
1673550502390,0,0,0,0
1673555148737,0,0,0,0
1674056221863,0,0,0,0
1674059361335,0,0,0,0
1674069301345,0,0,1,0
1674074569533,7,7,2,0
1674137405446,5,5,7,3
1674141571302,0,0,0,0
1674159234119,5,5,7,3
1674168382143,5,5,7,3
1674227498562,3,3,0,0
1674228275976,6,6,7,3
1674234166813,7,7,7,2
1674238469742,0,0,0,0
1674253835763,3,3,1,0
1674488437281,1,1,2,0
1674495989510,0,0,1,0
1674510031143,0,0,5,1
1674571753167,0,0,0,0
1674586617256,0,0,0,0
1674595190044,0,0,3,0
1674666295270,1,1,0,0
1674669213640,0,0,0,0
1674672006171,0,0,0,0
1674678858719,0,0,0,0
1674680814286,0,0,2,0
1674760098869,2,2,4,1
1674845963569,0,0,0,0
1674847518277,1,1,0,0
1674848994321,3,3,6,2
1674851311464,8,8,5,1
1674853445906,0,0,0,0
1675097344605,0,0,1,0
1675099965113,7,7,6,2
1675106964955,0,0,0,0
1675110863247,0,0,0,0
1675176820143,2,2,3,0
1675184674095,0,0,0,0
1675190710920,0,0,0,0
1675195090309,0,0,0,0
1675200333213,4,4,3,0
1675268753148,0,0,0,0
1675269422274,0,0,0,0
1675271545728,0,0,0,0
1675276498123,5,2,6,2
1675285078604,0,0,0,0
1675285966042,0,0,0,0
1675347183545,3,3,1,0
1675347357138,8,8,6,2
1675349347886,5,3,5,1
1675363921499,0,0,3,0
1675370864353,0,0,0,0
1675371830209,0,0,0,0
1675443615303,5,5,5,2
1675698556567,1,1,1,0
1675787140254,0,0,0,0
1675796311160,0,0,0,0
1675874571210,0,0,0,0
1675875279076,0,0,0,0
1675876080785,1,1,1,0
1675881647435,2,2,5,1
1675885811828,5,5,7,3
1675967651545,2,2,3,1
1675971097047,2,2,2,0
1676043205441,0,0,0,0
1676046280117,1,1,5,1
1676064056910,0,0,2,0
1676301280593,6,6,6,2
1676302255403,4,4,7,3
1676306070545,2,1,2,0
1676307208270,0,0,0,0
1676386968669,0,0,0,0
1676388168871,0,0,1,0
1676388826726,0,0,0,0
1676390709039,0,0,1,0
1676396314716,2,2,1,0
1676399136633,0,0,0,0
1676400558998,6,6,7,3
1676403816575,0,0,0,0
1676488422164,0,0,0,0
1676488667602,7,7,6,2
1676560452012,0,0,0,0
1676580855697,2,2,1,0
1676581753878,6,6,7,3
1676650694139,0,0,1,0
1676652403005,1,1,1,0
1676658253236,1,0,1,0
1676658392578,1,1,2,0
1676663424999,0,0,0,0
1676668832957,0,0,0,0
1676993147115,0,0,0,0
1677003850433,5,5,6,2
1677170377319,0,0,0,0
1677180636878,0,0,0,0
1677183994698,0,0,0,0
1677248607968,0,0,0,0
1677263383356,0,0,0,0
1677515699740,6,6,7,3
1677516266731,6,5,6,2
1677520194350,2,2,2,0
1677597114803,2,2,1,0
1677601635335,0,0,0,0
1677604599674,0,0,0,0
1677684025208,4,4,2,0
16777,23,18,7,1
1677700214469,0,0,0,0
1677707441716,0,0,0,0
1677769512602,0,0,0,0
1677773630406,0,0,0,0
1677857328761,0,0,0,0
1678124457047,0,0,0,0
1678373204192,0,0,0,0
1678466589751,0,0,0,0
1678734632322,2,2,0,0
1678803681966,0,0,0,0
1678901952709,4,3,3,0
1678914909176,0,0,0,0
1678986751501,0,0,0,0
1678991999001,5,5,7,3
1679075944622,0,0,0,0
1679320284466,0,0,0,0
1679342204191,6,6,4,2
1679406255275,0,0,0,0
1679498419618,0,0,2,0
1679511895936,0,0,0,0
1679602382538,0,0,0,0
1679669065806,0,0,0,0
1679931140249,0,0,0,0
1679931625142,3,3,2,0
1679934370271,2,2,3,1
1680015134210,0,0,0,0
1680022384751,0,0,0,0
1680038183251,0,0,0,0
1680099791956,3,3,3,0
1680103600223,0,0,0,0
1680104746381,0,0,2,0
1680107930974,0,0,0,0
1680111743304,0,0,0,0
1680115087935,0,0,3,1
1680119261364,6,6,6,2
1680123933882,0,0,0,0
1680126010479,0,0,0,0
1680209282711,6,6,6,2
1680291762812,1,0,0,0
1680551924205,1,0,3,1
1680619449350,0,0,0,0
1680634085355,0,0,0,0
1680641915576,0,0,0,0
1680808148155,0,0,0,0
1680882192460,0,0,0,0
1681138620365,2,1,4,2
1681142308971,0,0,0,0
1681143122591,0,0,0,0
1681147584005,6,6,7,3
1681149289181,5,5,1,0
1681244353016,5,5,7,3
1681308816711,0,0,1,0
1681394210153,6,6,7,3
1681411128898,0,0,0,0
1681486115150,0,0,0,0
1681740256289,3,3,6,1
1681850997914,0,0,0,0
1682080533300,0,0,1,0
1682105526903,1,1,3,0
1682105670829,0,0,0,0
1682108150235,1,1,1,0
1682353073453,0,0,0,0
1682358450689,1,1,1,0
1682372759042,0,0,0,0
1682434672868,1,1,4,0
1682525092860,0,0,2,0
1682535465491,1,1,3,0
1682538243055,6,6,7,3
1682611466407,0,0,0,0
1682705940153,1,1,3,0
168283,17,17,2,0
1682952729268,1,1,2,0
1682967744085,3,3,3,1
1682973006039,0,0,0,0
1683128763258,0,0,0,0
1683144962775,0,0,2,1
1683208547110,1,1,0,0
1683222837384,3,3,3,0
1683657999493,5,4,5,1
1683659273648,0,0,0,0
1684269080716,0,0,0,0
1684330974395,1,1,2,0
1684352336550,0,0,2,0
1684416461007,6,6,6,2
1684427910204,2,2,4,1
1684429189831,1,1,3,0
1684435066179,5,5,6,2
1684527129540,0,0,0,0
1684761231104,5,5,6,3
1684766912946,5,5,7,3
1684772412385,5,5,7,3
1684846405875,1,0,1,0
1684849428050,0,0,0,0
1684863493541,0,0,0,0
1684864392234,0,0,0,0
1684934209246,0,0,0,0
1684939412631,0,0,0,0
1684942719318,0,0,0,0
1684942785434,0,0,0,0
1685018341488,1,1,5,1
1685027553493,0,0,4,0
1685029262241,1,1,3,1
1685039376668,0,0,6,3
1685136083640,1,1,1,0
1685466403036,6,6,6,2
1685466954100,2,2,4,1
1685475737148,6,6,6,1
1685539023868,0,0,0,0
1685549331571,0,0,0,0
1685553145381,0,0,0,0
1685627917873,0,0,0,0
1685632482302,0,0,1,0
1685638690670,0,0,5,0
1685643461910,0,0,6,2
1685711508876,1,1,2,0
1685971081824,0,0,1,0
1685978211443,0,0,0,0
1685988600760,0,0,0,0
1685991290641,0,0,2,0
1686070960716,3,3,1,0
1686083250099,0,0,1,0
1686154479063,0,0,0,0
1686154755278,0,0,0,0
1686156810635,1,1,0,0
1686165347579,1,1,3,0
1686229800879,0,0,4,1
1686232831221,0,0,0,0
1686238145468,0,0,0,0
1686239488298,0,0,0,0
1686250398939,0,0,5,1
1686251204403,0,0,0,0
1686316400692,2,2,6,2
1686325804618,0,0,0,0
1686332256198,5,5,7,3
1686584298200,2,2,5,1
1686584346342,0,0,0,0
1686602865603,5,5,6,2
1686663120588,0,0,0,0
1686670245365,0,0,0,0
1686673653467,0,0,0,0
1686682940663,0,0,0,0
1686763811583,4,4,6,2
1686835901691,0,0,0,0
1686839141697,0,0,0,0
1687275648641,0,0,1,0
1687279389399,0,0,0,0
1687281576954,0,0,0,0
1687284370356,0,0,1,0
1687291705276,5,5,6,2
1687293634213,0,0,0,0
1687352794174,2,2,4,1
1687356090326,0,0,0,0
1687358462126,1,1,1,0
1687358515445,0,0,3,0
1687359732301,0,0,0,0
1687372790916,0,0,0,0
1687375402013,0,0,0,0
1687443998200,0,0,1,0
1687444486080,0,0,0,0
1687447400678,0,0,0,0
1687461674019,5,5,6,2
1687526445422,1,1,1,0
1687527683480,0,0,2,1
1687536368550,1,1,3,0
1687542548790,0,0,0,0
1687552505733,0,0,0,0
1687796570567,0,0,2,0
1687883226644,5,5,7,2
1687886373249,4,4,6,1
1687893424201,0,0,4,1
1687895337082,0,0,0,0
1687961611065,0,0,0,0
1687963891056,0,0,0,0
1687980727947,0,0,0,0
1688044984280,0,0,0,0
1688062093393,0,0,0,0
1688070310398,0,0,0,0
1688137983524,2,2,1,0
1688140792695,0,0,0,0
1688404775215,0,0,0,0
1688562625905,4,4,7,3
1688585585623,0,0,0,0
1688674822795,5,5,7,3
1688744558346,0,0,0,0
1688762069839,0,0,0,0
1688997385372,2,2,4,0
1688999232978,0,0,0,0
1689001815978,3,3,7,2
1689002442607,0,0,0,0
1689006618585,0,0,1,0
1689012172697,0,0,0,0
1689015174366,0,0,5,2
1689021884318,1,1,1,0
1689092033395,0,0,5,0
1689104739692,1,1,4,1
1689112601099,4,4,6,2
1689167557933,0,0,0,0
1689258700433,0,0,0,0
1689259170417,1,1,4,0
1689269659081,3,3,6,2
1689354575986,0,0,2,0
1689361345886,0,0,0,0
1689596742351,0,0,3,0
1689599455316,1,1,1,0
1689607734934,0,0,0,0
1689607943537,0,0,0,0
1689613840547,3,3,3,0
1689614988205,5,5,6,2
1689616263674,5,4,6,2
1689625534235,4,4,6,2
1689626112309,0,0,0,0
1689626541861,0,0,4,2
1689685221586,0,0,0,0
1689687706382,0,0,0,0
1689689825335,4,4,7,3
1689700905769,0,0,1,0
1689707268212,0,0,0,0
1689711553744,0,0,0,0
1689714580797,0,0,0,0
1689773513781,0,0,0,0
1689778152890,0,0,0,0
1689787782804,5,5,6,2
1689790164839,0,0,5,1
1689793765653,0,0,2,0
1689795360484,0,0,0,0
1689796778270,5,5,4,1
1689874876995,0,0,1,0
1689966960702,0,0,0,0
1690217478814,0,0,0,0
1690225096517,1,1,3,0
1690290896218,0,0,0,0
1690294819460,1,1,4,0
1690294961170,0,0,0,0
1690299260952,0,0,0,0
1690306158552,0,0,0,0
1690377622210,0,0,0,0
1690381528130,0,0,0,0
1690382793516,0,0,3,0
1690828984740,2,2,2,0
1690829904324,4,4,7,3
1690899617164,0,0,0,0
1690981119827,0,0,0,0
1690985594835,1,1,4,0
1690992861472,0,0,5,1
1691087369386,0,0,0,0
1691087562218,0,0,1,0
1691417622952,0,0,2,0
1691419683861,1,1,4,1
1691421594674,2,2,6,2
1691423073301,1,1,1,0
1691431128043,0,0,0,0
1691436585086,0,0,0,0
1691437804841,4,3,7,3
1691508578480,0,0,4,0
1691509288912,0,0,7,1
1691588195744,0,0,0,0
1691595470994,0,0,0,0
1691596072940,0,0,2,0
1691606785702,0,0,1,0
1691608648050,0,0,0,0
1691609090067,0,0,0,0
1691675115336,0,0,2,0
1691678052918,3,3,7,1
1691682774865,4,4,7,3
1691684234522,0,0,0,0
1691689259849,0,0,0,0
1691690415780,0,0,0,0
1691697984452,1,1,3,0
1691769059609,1,1,2,0
1691773229084,2,2,3,0
1691778604511,0,0,0,0
1692118325985,0,0,0,0
1692199822139,3,3,6,2
1692200138420,0,0,1,0
1692203186394,0,0,6,2
1692370853422,0,0,0,0
1692371176203,0,0,5,1
1692892013563,0,0,0,0
1692976139367,2,2,6,2
1693240828088,0,0,1,0
1693417464929,0,0,1,0
1693582384240,3,3,6,2
1693928135416,0,0,5,1
1694013641609,3,3,6,2
1694013819915,0,0,0,0
1694185422668,4,4,7,3
1694187559601,0,0,0,0
1694189053823,2,2,5,1
1694447967612,1,1,4,1
1694450897181,0,0,0,0
1694461879565,4,4,6,3
1694621815086,0,0,0,0
1694622451531,3,3,7,3
1694788611317,0,0,0,0
1694795206943,2,2,3,0
1695056034362,0,0,3,1
1695063092913,0,0,1,0
1695216168762,0,0,1,0
1695222724535,4,4,6,2
1695679460286,0,0,1,0
1695745273600,0,0,0,0
1695828160481,0,0,0,0
1695837787748,0,0,0,0
1695840562333,0,0,0,0
1695846949570,4,3,6,2
169586,1,0,0,0
1695999046364,4,4,5,1
1696002145622,0,0,0,0
1696006267641,0,0,0,0
1696006776322,0,0,0,0
1696009451980,3,3,6,2
1696016084534,0,0,1,0
1696264797117,0,0,2,0
1696274230183,0,0,2,0
1696347383937,0,0,0,0
1696428741590,0,0,2,0
1696444177827,3,3,7,3
1696446179381,0,0,3,0
1696454575829,0,0,2,0
1696521101755,0,0,0,0
1696527059839,2,2,4,1
1697033342538,0,0,2,0
1697036161317,0,0,1,0
1697124202800,0,0,0,0
1697128021352,3,3,7,3
1697132307123,0,0,0,0
1697132641750,0,0,5,2
1697136640371,0,0,2,0
1697207891724,0,0,1,0
1697223642864,0,0,0,0
1697228391000,0,0,0,0
1697231852614,0,0,1,0
1697469839912,1,1,5,1
1697473236415,0,0,2,0
1697644202803,1,1,4,0
1697645226209,0,0,1,0
1697647591521,0,0,0,0
1697653815118,4,4,6,2
1697654132670,4,4,7,3
1697743242258,0,0,0,0
1697748332578,0,0,4,0
1697804439624,0,0,5,1
1698073108616,0,0,0,0
1698073511600,0,0,1,0
1698078385715,0,0,0,0
1698078534981,0,0,0,0
1698081616827,0,0,0,0
1698089432285,0,0,2,0
1698091063044,2,2,5,1
1698239598833,1,1,1,0
1698251624504,0,0,1,0
1698252852392,1,1,0,0
1698256534163,0,0,1,0
1698259980757,4,4,7,3
1698260665316,0,0,0,0
1698262246347,0,0,0,0
1698262919269,0,0,0,0
1698263332879,0,0,3,0
1698266356652,0,0,0,0
1698334253960,4,3,6,2
1698346790888,4,4,6,2
1698410103002,4,4,7,3
1698432467939,0,0,0,0
1698433991803,0,0,1,0
1698677287948,1,1,4,1
1698679786936,1,1,6,2
1698685020058,0,0,0,0
1698692194429,0,0,0,0
1698697925663,0,0,0,0
1698774215837,4,4,6,2
1698845574840,0,0,0,0
1698845813262,0,0,1,0
1698853558616,0,0,0,0
1698859496099,0,0,0,0
1698866562762,4,4,7,3
1698872478944,1,1,1,0
1698944271447,0,0,0,0
1698955643198,0,0,1,0
1698957672114,1,1,1,0
1698960821356,0,0,0,0
1699018351399,4,4,7,3
1699031389591,2,2,5,1
1699032267544,0,0,4,0
1699283852107,4,4,4,0
1699294807744,0,0,7,1
1699298748400,0,0,0,0
1699299481025,0,0,0,0
1699299663454,0,0,0,0
1699303583442,0,0,0,0
1699308843610,0,0,0,0
1699371066039,0,0,0,0
1699461180640,0,0,0,0
1699462330090,4,4,3,0
1699470377088,0,0,0,0
1699479497758,0,0,0,0
1699629415666,1,1,6,2
1699630761374,0,0,0,0
1699901585801,3,3,5,1
1700076338483,0,0,0,0
1700076822247,1,1,3,1
1700080684430,0,0,0,0
1700245936489,1,1,7,3
1700500326544,4,4,7,3
1700508981212,1,1,2,0
1700511713448,2,2,7,3
1701444729038,0,0,0,0
1701457532614,0,0,1,0
1701461974604,0,0,0,0
1701702434234,0,0,0,0
1701704026014,1,0,2,0
1701721234449,0,0,0,0
1701723508364,0,0,2,0
1701725332831,0,0,1,0
1701725446094,0,0,0,0
1701789750805,0,0,0,0
1701790371377,4,4,7,3
1701881664029,0,0,0,0
1702048790513,0,0,1,0
1702049106082,1,1,2,0
1702054957732,0,0,0,0
1702311308840,0,0,3,0
1702311344791,2,2,4,2
1702324438083,1,1,4,0
1702325162624,0,0,2,0
1702333122855,1,1,2,0
1702404714706,0,0,0,0
1702420344037,0,0,1,0
1702484463107,1,0,7,3
1702564674480,0,0,0,0
1702579536284,3,3,6,1
1702580579213,0,0,0,0
1702659900784,4,4,5,2
1702917142482,0,0,6,3
1702920835561,0,0,0,0
1702924810893,0,0,1,0
1702932799935,1,1,0,0
1702992732165,3,3,5,1
1702996987301,0,0,0,0
1703001515892,0,0,0,0
1703003116794,4,4,4,1
1703009128272,0,0,0,0
1703102825451,0,0,7,3
1703179853348,2,2,1,0
1703269283323,0,0,0,0
1704212188727,0,0,0,0
1704214395792,1,1,4,1
1704226712355,0,0,0,0
1704300398905,0,0,3,0
1704307275214,0,0,0,0
1704314640013,2,1,4,0
1704318814384,0,0,0,0
1704472649959,0,0,0,0
1704478667470,0,0,0,0
1704483731513,0,0,0,0
1704811953604,3,2,7,2
1704829399213,0,0,0,0
1704990920653,3,3,6,2
1704991200764,0,0,1,0
1704993390340,3,3,6,2
1705070724816,2,2,4,1
1705507107308,0,0,3,0
1705604519203,1,1,5,2
1705676456628,2,2,4,1
1705933720849,0,0,1,0
1705939107280,3,3,7,3
1705944742797,3,3,7,3
1705950511281,0,0,0,0
1705952719487,4,4,6,2
1705956355680,3,3,7,3
1706023466733,1,1,5,1
1706023756626,0,0,0,0
1706024496006,2,2,6,3
1706034058931,1,0,6,2
1706036466073,0,0,0,0
1706036601673,0,0,2,0
1706046373942,0,0,0,0
1706101629329,0,0,0,0
1706114837385,0,0,0,0
1706117976501,0,0,4,0
1706119786748,1,1,4,0
1706120005075,0,0,2,0
1706131406380,0,0,0,0
1706194798239,0,0,1,0
1706197212384,3,3,7,3
1706198921495,0,0,1,0
1706199435737,0,0,2,0
1706209030239,2,2,1,0
1706221846802,0,0,2,0
1706276722960,3,3,7,3
1706292170062,0,0,0,0
1706298479714,0,0,0,0
1706538673854,0,0,0,0
1706548154850,0,0,0,0
1706559971329,3,3,7,3
1706561854036,0,0,0,0
1706566298819,4,4,5,1
1706634651936,0,0,2,0
1706639218684,3,2,7,3
1706640127431,0,0,1,0
1706640163854,0,0,2,0
1706650795842,4,4,6,2
1706652069113,0,0,1,0
1706719782710,3,3,5,0
1706728868522,0,0,0,0
1706728961985,4,4,5,1
1706736708922,0,0,0,0
1706736926172,0,0,2,0
1706793125579,0,0,0,0
1706798081623,4,4,4,0
1706802373161,0,0,0,0
1706810498882,4,4,6,2
1706811492183,1,1,1,0
1706814710757,0,0,2,0
1706823883254,3,3,7,3
1706824401542,0,0,2,0
1706905478944,0,0,1,0
1707149941029,0,0,1,0
1707155686853,0,0,1,0
1707156653090,1,1,5,1
1707161322287,0,0,1,0
1707163519963,0,0,0,0
1707165506398,3,3,7,3
1707230162809,0,0,5,1
1707232668941,0,0,0,0
1707243698013,1,1,7,2
1707252238484,0,0,5,1
1707252650694,0,0,0,0
1707253722858,0,0,1,0
1707254118939,0,0,2,0
1707255259344,0,0,0,0
1707337627944,0,0,0,0
1707418833951,0,0,1,0
1707423479414,1,1,6,2
1707425058487,0,0,0,0
1707429806079,1,1,1,0
1707491700630,0,0,0,0
1707491832077,0,0,0,0
1707511397426,1,1,4,1
1707750365082,0,0,1,0
1707750498490,0,0,0,0
1707751652605,2,1,3,0
1707751852545,3,3,7,3
1707756415198,3,3,6,2
1707756799993,3,3,7,3
1707757492441,0,0,3,0
1707764134014,3,3,7,3
1707767505293,3,3,7,3
1707842321926,2,2,6,2
1707853222185,2,2,4,1
1707855317793,1,1,6,2
1707924020013,0,0,0,0
1707931486957,0,0,2,1
1707948376509,0,0,2,0
1707948406748,1,1,4,0
1708024314254,2,2,3,0
1708031213569,0,0,0,0
1708031518597,0,0,1,0
1708115806815,0,0,5,1
1708118812415,0,0,0,0
1708442048750,1,1,2,0
1708445528127,2,2,6,2
1708452943218,3,3,6,2
1708461045770,0,0,2,0
1708463550997,0,0,0,0
1708524882612,0,0,1,0
1708551268698,0,0,3,0
1708553778195,0,0,0,0
1708611429301,3,3,7,1
1708618733492,2,2,6,1
1708635187058,0,0,0,0
1708697967182,1,1,3,0
1708722622208,1,1,4,0
1708956481360,3,3,7,3
1708959574930,2,2,7,3
1708968287829,0,0,1,0
1708976715238,3,3,7,3
1708977707737,2,2,2,0
1708985081869,0,0,2,0
1709047676421,0,0,3,0
1709048641009,3,3,5,0
1709054518027,0,0,0,0
1709066233396,2,2,7,2
1709138618831,0,0,2,1
1709148417687,0,0,1,0
1709149347998,0,0,0,0
1709150837597,0,0,1,0
1709156337442,0,0,0,0
1709217805828,0,0,1,0
1709225890184,0,0,3,0
1709303416493,3,3,6,2
1709328191413,0,0,1,0
1709563607187,0,0,0,0
1709567925829,1,1,2,0
1709569596989,0,0,0,0
1709582228745,0,0,0,0
1709582842355,0,0,0,0
1709650819645,0,0,0,0
1709657618785,2,2,5,1
1709739004712,1,1,3,0
1709740766754,0,0,0,0
1709746723504,0,0,0,0
1709824596492,0,0,0,0
1709836924160,0,0,2,0
1709838052789,0,0,0,0
1709842908887,0,0,0,0
1709850725221,0,0,2,1
1709910409225,0,0,0,0
1709936963894,1,1,4,1
1710167367423,0,0,7,3
1710167705557,0,0,2,0
1710170364398,3,3,5,1
1710170389963,1,1,3,0
1710181810458,0,0,2,0
1710187819125,0,0,0,0
1710188847956,3,3,6,1
1710190529554,0,0,1,0
1710252984999,0,0,0,0
1710265388302,0,0,0,0
1710271154140,2,2,5,1
1710275023581,2,2,6,2
1710343132436,0,0,0,0
1710427240918,3,3,7,3
1710433082077,0,0,2,0
1710530791928,2,2,7,2
1710536011696,0,0,0,0
1710536425761,0,0,0,0
1710771410473,1,1,1,0
1710779661250,0,0,0,0
1710780292517,3,2,7,3
1710781099681,3,3,6,2
1710785165625,0,0,0,0
1710785802898,0,0,0,0
1710861028404,0,0,1,0
1710941232051,0,0,0,0
1710942521193,3,3,7,2
1710950212395,0,0,1,0
1711126786886,0,0,2,0
1711383833002,0,0,0,0
1711474738261,0,0,1,0
1711476252874,2,2,5,1
1711478775358,0,0,0,0
1711478979212,0,0,0,0
1711484514687,0,0,0,0
1711570825371,1,1,5,1
1711646660114,3,3,7,3
1711727484894,3,3,6,2
1711742340605,0,0,0,0
1712006367539,0,0,0,0
1712007222725,0,0,0,0
1712070828975,2,2,6,2
1712072328495,1,1,4,0
1712074932997,0,0,0,0
1712088914042,3,3,6,2
1712089155950,0,0,0,0
1712164181876,0,0,0,0
1712251090519,0,0,0,0
1712328073142,0,0,0,0
1712328264975,2,2,7,3
1712343561554,0,0,0,0
1712348956972,0,0,7,3
1712586344085,0,0,6,1
1712591549494,2,2,7,3
1712592178878,0,0,0,0
1712600005539,0,0,5,2
171270,24,23,6,2
1712763891265,0,0,0,0
1712770865544,1,1,4,1
1712771864258,0,0,0,0
1712775882142,3,3,7,3
1712779872088,0,0,5,2
1712842871911,0,0,2,0
1712843190718,0,0,1,0
1712845050659,3,3,7,3
1712848503787,0,0,0,0
1712849471002,0,0,0,0
1712855259518,3,3,6,2
1712950277922,0,0,2,0
1712950364796,0,0,4,0
1712953358593,0,0,0,0
1712955302588,0,0,1,0
1713194326381,0,0,0,0
1713211336793,0,0,5,1
1713276129852,2,2,4,0
1713280089787,0,0,1,0
1713293696928,0,0,0,0
1713368770904,0,0,0,0
1713379119126,0,0,1,0
1713384371998,0,0,0,0
1713385805066,0,0,0,0
1713458832604,0,0,0,0
1713473358799,0,0,0,0
1713533169746,0,0,1,0
1713564173628,0,0,0,0
1713804233707,1,1,5,2
1713805405266,0,0,1,0
1713877086244,2,2,7,3
1713899552320,0,0,0,0
1713964897850,1,1,3,0
1714078862193,3,3,6,2
1714143005930,2,2,5,1
1714144142540,1,1,6,2
1714156753213,1,1,4,1
1714403143890,1,1,2,0
1714408811673,0,0,0,0
1714492394662,0,0,5,0
1714577132179,0,0,2,0
1714586480804,0,0,1,0
1714588133810,0,0,0,0
1714588593567,0,0,4,1
1714670828056,0,0,1,0
1715185464182,1,1,5,0
1715189036555,1,1,3,1
1715190022967,0,0,0,0
1715275948184,0,0,3,0
1715358385110,0,0,2,0
1715358996047,0,0,1,0
1715362132165,3,2,7,3
1715369018455,0,0,2,0
1715369881154,0,0,0,0
1715882333595,0,0,1,0
1715960949072,0,0,1,0
1715970222828,0,0,4,0
1716218999416,1,0,2,0
1716228079250,0,0,2,0
1716297615932,0,0,2,0
1716322353695,0,0,5,1
1716389151332,2,2,7,2
1716395305677,0,0,1,0
1716405013782,3,3,7,3
1716476098385,0,0,3,0
1716490145720,0,0,3,1
1716491624078,1,1,4,1
1716583245473,0,0,1,0
1716907603681,0,0,1,0
1716908750541,0,0,1,0
1716910259553,1,1,5,1
1716920319810,3,3,8,3
1716991697690,0,0,6,1
1716992094104,0,0,2,0
1717005084621,0,0,0,0
1717007380098,2,2,6,1
1717007405494,0,0,1,0
1717008077282,1,1,7,2
1717010652649,1,1,4,0
1717016415940,0,0,1,0
1717074853591,2,2,7,3
1717089231155,2,2,8,3
1717090647451,3,3,7,3
1717090845016,0,0,1,0
1717169480677,1,1,3,0
1717174575019,1,1,4,0
1717184573215,0,0,1,0
1717420229438,0,0,5,0
1717424286976,0,0,1,0
1717425383907,0,0,2,0
1717431899315,0,0,1,0
1717512170342,2,2,6,1
1717514643764,0,0,2,0
1717515562449,3,3,7,3
1717515905008,0,0,1,0
1717517009536,0,0,1,0
1717520425506,1,1,6,2
1717527380408,0,0,1,0
1717530430801,0,0,4,1
1717592602918,0,0,3,0
1717593359145,0,0,1,0
1717610342564,0,0,2,0
1717612028582,2,2,5,1
1717612923241,0,0,2,0
1717680513514,0,0,0,0
1717681146661,0,0,2,0
1717684012922,1,1,5,1
1717686007474,0,0,5,1
1717690891086,3,3,7,3
1717692202239,3,3,8,3
1717699404001,1,1,4,1
1717708560799,0,0,0,0
1717775725686,0,0,3,0
1718022883856,3,3,7,3
1718024891936,0,0,2,0
1718028666011,3,3,7,3
1718035171910,2,2,6,2
1718039485163,0,0,3,0
1718045540656,2,2,5,1
1718047059320,0,0,1,0
1718050443112,0,0,1,0
1718111241296,0,0,0,0
1718119801046,0,0,4,0
1718119910920,0,0,4,1
1718129495904,0,0,3,0
1718139283584,0,0,4,2
1718197105679,0,0,2,0
1718199355181,0,0,3,0
1718203450163,0,0,5,1
1718293340188,0,0,1,0
1718293716386,2,2,7,3
1718304354793,3,3,6,2
1718307225077,0,0,1,0
1718307376138,0,0,0,0
1718372314855,1,1,5,1
1718384940622,3,2,7,0
1718628103676,2,2,7,2
1718631635785,0,0,2,0
1718633910348,0,0,1,0
1718637710357,0,0,0,0
1718637985207,1,1,6,2
1718638579791,0,0,4,0
1718647118811,0,0,0,0
1718649389190,0,0,1,0
1718713423695,2,2,7,3
1718719480604,0,0,2,0
1718735540809,0,0,0,0
1718888820589,3,3,7,3
1718888882069,0,0,0,0
1718889028485,0,0,6,2
1718890173321,0,0,2,0
1718894315976,0,0,1,0
1718896227549,0,0,2,0
1718897765530,3,3,7,3
1718899074560,0,0,1,0
1718976410940,0,0,2,0
1718984253277,0,0,1,0
1718989194996,0,0,7,1
1718992210213,0,0,0,0
1719005016667,0,0,2,0
1719235882167,0,0,2,0
1719238941340,3,3,7,3
1719241856041,0,0,2,0
1719245332619,0,0,2,0
1719250311959,0,0,0,0
1719251240324,0,0,2,0
1719251669481,2,2,7,3
1719256550485,0,0,1,0
1719267230865,0,0,1,0
1719319940227,3,3,6,2
1719322691976,2,2,5,2
1719323639259,0,0,1,0
1719327899382,0,0,6,2
1719334221692,0,0,6,2
1719334336052,0,0,3,0
1719337129862,0,0,0,0
1719339733342,2,2,7,3
1719342183907,0,0,4,1
1719344254760,3,3,4,1
1719344856185,0,0,5,2
1719345019579,0,0,2,0
1719346271782,0,0,0,0
1719407595401,2,2,6,1
1719410934487,0,0,1,0
1719412139981,2,2,6,2
1719415350683,0,0,2,0
1719416056206,2,2,3,0
1719416781167,2,2,7,1
1719426057150,0,0,0,0
1719433785958,0,0,0,0
1719497270445,0,0,3,0
1719497464013,2,2,6,2
1719499376508,1,1,6,3
1719503797167,1,1,1,0
1719513947542,0,0,0,0
1719515721936,0,0,3,0
1719581876717,0,0,2,0
1719588083949,0,0,1,0
1719589603714,2,1,7,3
1719602336944,0,0,0,0
1719837575014,0,0,2,0
1719839544246,2,2,7,2
1719840462151,0,0,5,1
1719840973215,0,0,2,0
1719842225854,2,2,7,3
1719845033270,3,3,6,2
1719854940429,0,0,1,0
1719855368166,2,2,6,2
1719856262750,0,0,1,0
1719858160469,0,0,6,3
1719860819321,0,0,2,0
1719861961564,0,0,2,0
1719864241998,3,3,7,3
1719933361159,3,3,6,2
1719934594721,0,0,1,0
1719934977997,0,0,4,0
1719938178404,3,3,5,1
1719939959702,0,0,3,0
1719946791245,0,0,4,1
1719947772366,0,0,0,0
1719948514199,1,1,6,1
1720015853129,3,3,6,2
1720016905951,0,0,0,0
1720022590473,0,0,1,0
1720023908886,1,1,7,3
1720026392392,0,0,0,0
1720028191348,0,0,0,0
1720031387198,1,1,6,1
1720032427016,1,1,2,1
1720033962694,2,2,5,1
1720036334763,0,0,1,0
1720038045008,0,0,0,0
1720184882089,0,0,1,0
1720189010475,1,1,3,0
1720189708447,0,0,0,0
1720192229779,0,0,2,0
1720206586526,0,0,2,0
1720442908339,0,0,0,0
1720446581763,0,0,1,0
1720447230713,1,1,1,0
1720452615916,0,0,1,0
1720457946515,0,0,1,0
1720458316842,1,1,4,0
1720458855176,1,1,6,2
1720471413324,3,3,6,2
1720528420335,0,0,0,0
1720530660971,0,0,1,0
1720537668919,0,0,4,0
1720538690582,0,0,0,0
1720556809189,0,0,0,0
1720559372463,1,1,5,0
1720616868353,0,0,1,0
1720619441341,0,0,0,0
1720620923234,0,0,0,0
1720630808429,0,0,3,0
1720632541352,2,2,6,2
1720634056272,2,2,7,3
1720634265586,0,0,1,0
1720635400737,0,0,0,0
1720649463261,0,0,1,0
1720704892971,0,0,0,0
1720705235884,0,0,2,0
1720712305671,1,1,3,0
1720712464150,2,2,6,2
1720714491131,0,0,2,0
1720715324453,0,0,0,0
1720717596226,0,0,0,0
1720722869575,0,0,1,0
1720723192411,0,0,4,0
1720734410600,0,0,1,0
1720804424611,0,0,0,0
1720814591845,0,0,4,1
1721048830765,1,1,6,2
1721049167068,0,0,2,0
1721051910811,0,0,2,0
1721052706847,0,0,0,0
1721063624622,0,0,0,0
1721072218168,0,0,2,0
1721072869705,0,0,0,0
1721075296329,2,2,7,3
1721135801835,0,0,1,0
1721136898556,3,3,6,2
1721142503831,3,3,6,2
1721142559921,0,0,3,0
1721148120323,0,0,1,0
1721150050046,0,0,0,0
1721150084599,0,0,1,0
1721152000612,3,3,6,2
1721154878989,0,0,0,0
1721161592685,2,2,7,3
1721163003032,2,2,3,0
1721219444231,0,0,2,0
1721229418654,0,0,4,0
1721240298491,0,0,0,0
1721240646604,2,2,7,3
1721250305373,0,0,0,0
1721315701433,0,0,2,0
1721315775738,0,0,1,0
1721316906457,3,3,6,1
1721327716862,0,0,2,0
1721402599171,0,0,2,0
1721406236908,3,3,6,1
1721651449101,0,0,0,0
1721656370460,2,2,6,2
1721656710290,0,0,2,0
1721659253337,0,0,1,0
1721663210029,0,0,1,0
1721663587695,0,0,1,0
1721663966774,2,2,6,2
1721665976366,2,2,7,3
1721666221854,0,0,2,0
1721668327592,0,0,0,0
1721669207053,0,0,1,0
1721669500754,0,0,0,0
1721672578894,0,0,3,0
1721673932688,0,0,1,0
1721740255432,0,0,1,0
1721743827376,1,1,5,1
1721744773570,0,0,1,0
1721744975942,0,0,0,0
1721754299531,1,1,3,1
1721754782769,0,0,2,0
1721764883951,2,2,6,2
1721767828158,0,0,3,0
1721835851525,0,0,3,0
1721837792498,0,0,0,0
1721838144653,2,2,7,1
1721916643643,1,1,5,1
1721916880015,2,2,6,2
1721920487394,0,0,1,0
1721926163761,2,2,7,3
1721926267188,3,3,6,2
1721926348268,2,2,5,1
1721926623628,1,0,1,0
1721930134391,3,3,6,2
1722004757844,0,0,2,0
1722005507405,0,0,3,0
1722257989338,0,0,1,0
1722261462603,0,0,0,0
1722262285833,0,0,2,0
1722263096045,2,2,7,2
1722270293592,1,1,5,2
1722289814554,1,1,1,0
1722346117558,1,1,7,3
1722347038374,2,2,6,2
1722348451787,0,0,1,0
1722349595572,1,1,2,0
1722350641987,1,1,4,0
1722350927861,2,1,6,2
1722364920405,0,0,0,0
1722365134186,0,0,2,0
1722368417118,0,0,3,0
1722432316513,0,0,0,0
1722446711839,0,0,0,0
1722446734537,1,1,3,1
1722447537410,0,0,3,0
1722447689972,0,0,2,0
1722454850367,2,2,6,2
1722455141910,0,0,1,0
1722611029269,2,2,5,1
1722864276979,2,2,7,3
1722869394721,0,0,1,0
1722873834711,0,0,4,0
1722874823502,0,0,2,0
1722880068368,0,0,1,0
1722881321600,0,0,1,0
1722883121828,1,1,2,0
1722883378385,0,0,2,0
1722885494414,2,2,7,3
1722888234824,0,0,3,0
1722890869369,0,0,1,0
1722950403359,0,0,1,0
1722952339193,0,0,2,0
1722952661544,0,0,1,0
1722954187308,1,1,4,1
1722957687487,2,2,4,1
1723040693115,0,0,1,0
1723046461553,0,0,0,0
1723057150040,0,0,2,0
1723057485564,0,0,1,0
1723122659787,2,1,4,1
1723137811046,2,1,7,2
1723139369135,3,3,6,2
1723212426913,0,0,0,0
1723223628593,2,2,5,1
1723236839902,0,0,0,0
1723480189665,2,1,6,0
1723497296249,0,0,1,0
1723556859673,2,1,6,1
1723560732390,2,2,6,2
1723565563245,0,0,0,0
1723573071241,2,2,6,2
1723579336973,0,0,3,0
1723642680511,0,0,0,0
1723660292507,2,2,6,1
1723735825170,0,0,3,0
1723746300440,0,0,1,0
1724076156463,2,2,6,2
1724077353388,2,2,6,2
1724088845676,0,0,2,0
1724099643087,0,0,4,0
1724164187835,2,2,6,2
1724242513525,1,1,0,0
1724250068249,1,1,4,1
1724258429145,0,0,2,0
1724258637103,1,1,6,2
1724428285467,2,2,6,2
1724684716675,0,0,0,0
1724702067824,2,2,6,2
1724705350108,0,0,0,0
1724794712319,0,0,0,0
1725029083171,0,0,1,0
1725043951548,1,1,4,1
1725054606594,0,0,1,0
1725370473176,0,0,1,0
1725457222926,0,0,5,1
1725461763731,0,0,1,0
1725644825859,2,2,6,2
1725646487330,2,2,6,2
1725648830079,1,1,6,1
1725890495197,0,0,2,0
1725908046272,1,1,4,0
1725911568443,0,0,2,1
1725977799498,2,2,6,2
1726091423616,0,0,1,0
1726154755670,0,0,0,0
1726248447535,1,1,6,1
1726253530356,0,0,1,0
1726254333252,0,0,0,0
1726256855410,2,2,6,2
1726499127367,1,1,5,1
1726499300672,0,0,6,2
1726509668539,1,1,6,2
1726510281639,2,2,6,2
1726510570716,0,0,1,0
1726510864238,1,1,5,1
1726578741516,0,0,1,0
1726582865189,2,2,5,1
1726687683287,2,2,6,2
1726688560642,1,1,5,1
1726689867157,0,0,0,0
1726759272372,1,1,6,0
1726765755534,1,1,6,2
1726767356090,0,0,1,0
1726768088884,1,1,5,1
1726838651509,1,1,6,2
1726853635447,1,1,4,1
1727102626356,0,0,2,0
1727111813417,0,0,1,0
1727115909446,0,0,2,0
1727120552827,0,0,2,0
1727184309635,2,2,5,1
1727185219337,0,0,2,0
1727186911129,0,0,1,0
1727187132507,0,0,4,1
1727204489616,1,1,2,0
1727276000176,0,0,0,0
1727297918572,0,0,1,0
1727359039326,0,0,0,0
1727361564498,0,0,0,0
1727361682392,0,0,2,0
1727363460126,1,0,6,2
1727375721646,0,0,1,0
1727442753302,0,0,1,0
1727442936079,0,0,1,0
1727443226878,1,1,3,0
1727454413129,2,1,5,0
1727458170802,1,1,5,2
1727463288731,0,0,3,1
1727470805337,1,1,6,2
172749,0,0,0,0
1727789613026,0,0,1,0
1727789725801,0,0,1,0
1727789749053,2,2,6,1
1727789790350,0,0,2,0
1727791708804,1,1,4,0
1727794986123,0,0,2,0
1727796349987,0,0,2,0
1727798282059,1,1,3,0
1727798460950,0,0,2,0
1727798892405,1,0,6,2
1727799759477,0,0,4,0
1727800675134,0,0,0,0
1727800934121,1,1,5,1
1727803757107,0,0,1,0
1727871822714,1,1,5,0
1727874815333,0,0,1,0
1727875262264,0,0,3,0
1727875411296,0,0,3,0
1727888896589,0,0,1,0
1727890635623,0,0,1,0
1727895569401,0,0,1,0
1727896216578,0,0,0,0
1727910161797,0,0,3,0
1727961404743,0,0,0,0
1727964431941,0,0,1,0
1727966548863,0,0,1,0
1727969030588,1,1,6,2
1727981455849,0,0,0,0
1727987609069,2,2,5,0
1728044298356,1,1,6,2
1728048310795,1,1,4,0
1728311060904,0,0,0,0
1728312510135,0,0,0,0
1728322688702,0,0,5,1
1728324599960,0,0,0,0
1728327645838,0,0,0,0
1728391665110,0,0,2,0
1728401643144,0,0,2,0
1728403014488,0,0,1,0
1728404626634,2,2,5,1
1728404820477,2,2,6,2
1728482405460,1,1,6,2
1728482579211,0,0,0,0
1728484406222,0,0,1,0
1728500050804,0,0,4,0
1728507492934,0,0,3,0
1728508041267,0,0,3,1
1728566334467,0,0,4,1
1728567638244,0,0,4,1
1728569441617,0,0,0,0
1728569710958,0,0,1,0
1728571785843,0,0,0,0
1728577380659,0,0,3,0
1728578911222,2,2,4,0
1728588730744,0,0,1,0
1728589417079,0,0,0,0
1728594842392,0,0,1,0
1728995997930,0,0,1,0
1729003787070,0,0,0,0
1729003916091,1,1,3,1
1729013948035,0,0,1,0
1729028967080,0,0,1,0
1729101594781,1,1,6,2
1729104360235,0,0,0,0
1729168628659,0,0,3,0
1729175616486,0,0,0,0
1729181029417,0,0,2,0
1729182870802,0,0,0,0
1729255657233,0,0,5,1
1729259402689,2,2,5,1
1729263340486,0,0,0,0
1729524790357,0,0,0,0
1729544456948,0,0,0,0
1729605568538,1,1,5,1
1729606229391,1,1,6,2
1729614189564,0,0,5,1
1729630606519,1,1,4,1
1730128463396,0,0,5,1
1730207586813,2,2,5,1
1730232394391,0,0,1,0
1730256525187,0,0,1,0
1730314630891,0,0,0,0
1730314825483,1,1,3,1
1730380600472,2,2,5,1
1730816719036,0,0,0,0
1730820258342,0,0,1,0
1730844098028,1,1,3,0
1730907405734,0,0,1,0
1730929902707,0,0,0,0
1730995575344,0,0,4,1
1730996967400,0,0,0,0
1730998969339,0,0,0,0
1731003981966,0,0,1,0
1731014393496,0,0,1,0
1731014403902,0,0,3,0
1731082175641,0,0,2,0
1731095376878,0,0,1,0
1731419087147,1,1,6,2
1731420500077,1,1,5,0
1731422652359,0,0,2,0
1731430976913,0,0,1,0
1731436431171,1,1,4,0
1731512939999,1,1,4,0
1731517969270,0,0,4,0
1731594298263,1,1,5,1
1731608331328,0,0,2,0
1731614259166,1,1,5,1
1731618499532,0,0,0,0
1731957670767,1,1,5,1
1732026841508,0,0,4,0
1732029717391,1,1,4,0
1732226347394,0,0,5,1
1732547309808,0,0,3,0
1732572480539,0,0,0,0
1732629131115,0,0,1,0
1732630038782,1,1,4,0
1732631367231,1,1,5,1
1732634044502,0,0,0,0
1733147489170,1,1,3,0
1733254768847,0,0,4,0
1733259991242,0,0,3,0
1733424258620,0,0,3,0
1733428527114,0,0,3,0
1733753347334,1,1,5,1
1733755184421,0,0,0,0
1733844212366,0,0,1,0
1735834287917,0,0,4,0
1735913209694,1,1,4,0
1736174556225,0,0,0,0
1736177939426,0,0,5,1
1736186919791,0,0,0,0
1736287516099,0,0,2,0
1736346707078,0,0,0,0
1736874257478,0,0,0,0
1736955764884,0,0,2,0
1737735393429,1,1,4,0
1737739922547,0,0,4,0
1737741863154,0,0,5,1
1737743850616,0,0,0,0
1737751457656,0,0,4,0
1737990090579,0,0,0,0
1738001504402,0,0,3,0
1738008123956,0,0,3,0
1738008699976,0,0,0,0
1738078233039,0,0,1,0
1738078680976,1,1,4,0
1738159921726,0,0,2,0
1738168124944,1,1,4,0
1738190113992,0,0,1,0
1738254277539,0,0,1,0
1738277135083,0,0,0,0
1738277404186,0,0,1,0
1738332597237,0,0,1,0
1738338880447,0,0,0,0
1738344133756,0,0,1,0
1738345758528,0,0,1,0
1738349142201,0,0,0,0
1738350553140,0,0,5,1
1738596348235,0,0,0,0
1738597810086,0,0,0,0
1738677165077,0,0,1,0
1738687715941,0,0,4,0
1738690693715,0,0,1,0
1738699419733,1,1,4,0
1738700357522,0,0,4,0
1738709571118,0,0,2,0
1738766600075,0,0,1,0
1738779162367,0,0,2,0
1738779285247,0,0,4,0
1738847940416,0,0,1,0
1738851261300,1,1,4,0
1738855174591,1,1,0,0
1738856601194,0,0,3,0
1738868801046,1,1,4,0
1738872460988,0,0,1,0
1738879091749,0,0,2,0
1738950138148,0,0,1,0
1738964683761,0,0,2,0
1739204776107,0,0,2,0
1739221910932,0,0,4,0
1739223881308,0,0,1,0
1739282596097,0,0,1,0
1739290305180,0,0,4,0
1739290655700,0,0,4,0
1739307389084,0,0,2,0
1739386258011,0,0,3,0
1739388761721,0,0,1,0
1739390478416,0,0,1,0
1739452702352,0,0,3,0
1739465676409,0,0,1,0
1739891701822,0,0,1,0
1739900173663,0,0,2,0
1739910754125,0,0,3,0
1739915340102,0,0,1,0
1740067272528,0,0,3,0
1740157207643,0,0,1,0
1740419697358,0,0,1,0
1740434372361,0,0,0,0
1740517718082,0,0,4,0
1740749582881,0,0,1,0
1740756541696,0,0,0,0
1740779300770,0,0,1,0
1741013043024,0,0,3,0
1741025878025,0,0,4,0
1741126021922,0,0,1,0
1741204230654,0,0,3,0
1741369063604,0,0,0,0
1741642348795,0,0,0,0
1741702812593,0,0,2,0
1741898506305,0,0,1,0
1741978159763,0,0,4,0
1742237658454,0,0,2,0
1742315034827,0,0,1,0
1742323790909,0,0,3,0
1742329295000,0,0,1,0
1742412599824,0,0,2,0
1742837155576,0,0,1,0
1742838408099,0,0,3,0
1742842193684,0,0,3,0
1742915893509,0,0,0,0
1742917953863,0,0,4,0
1742918198844,0,0,1,0
1742996999212,0,0,1,0
1743001394850,0,0,4,0
1743008891738,0,0,2,0
1743093818417,0,0,3,0
1743446492286,0,0,4,0
1743453612405,0,0,0,0
1743683888705,0,0,4,0
1743789910082,0,0,4,0
1743793483467,0,0,3,0
1744034005062,0,0,1,0
1744043123860,0,0,3,0
1744043740095,0,0,0,0
1744044597275,0,0,1,0
1744045368806,0,0,1,0
1744116482829,0,0,0,0
1744205458462,0,0,2,0
1744299827496,0,0,1,0
1744315596002,0,0,4,0
1744381714889,0,0,2,0
1744387284200,0,0,1,0
1744390214311,0,0,4,0
1744392170440,0,0,1,0
1744634217952,0,0,0,0
1744835252453,0,0,2,0
1745245473768,0,0,3,0
1745258866500,0,0,3,0
1745509157140,0,0,0,0
1745860320620,0,0,3,0
1745872743751,0,0,3,0
1746017783544,0,0,0,0
1746024147946,0,0,0,0
1746043303345,0,0,1,0
1746453728456,0,0,2,0
1746476635947,0,0,4,0
1746544554186,0,0,3,0
1746550186975,0,0,3,0
1746555352352,0,0,2,0
1746822200,0,0,1,0
1746822211,0,0,1,0
1746822216,0,0,0,0
1746822218,0,0,0,0
1746822244,0,0,3,0
1746822245,0,0,3,0
1746822246,0,0,2,0
1746822247,0,0,1,0
1746822248,0,0,0,0
1746822249,0,0,1,0
1746822250,0,0,1,0
1746822251,0,0,3,0
1746822254,0,0,4,0
1746822256,0,0,1,0
1746822259,0,0,1,0
1746822260,0,0,5,0
1746822261,0,0,3,0
1746822262,0,0,0,0
1746822263,0,0,3,0
1746822264,0,0,1,0
1746822265,0,0,2,0
1746822267,0,0,1,0
1746822271,0,0,2,0
1746822274,0,0,2,0
1746822275,0,0,2,0
1746822276,0,0,4,0
1746822278,0,0,2,0
1746822279,0,0,1,0
1746822280,0,0,1,0
1746822281,0,0,2,0
1746822282,0,0,4,0
1746822283,0,0,2,0
1746822284,0,0,1,0
1746822285,0,0,4,0
1746822287,0,0,0,0
1746822288,0,0,2,0
1746822289,0,0,3,0
1746822290,0,0,1,0
1746822291,0,0,1,0
1746822292,0,0,3,0
1746822294,0,0,4,0
1746822295,0,0,2,0
1746822297,0,0,1,0
1746822298,0,0,1,0
1746822299,0,0,5,0
1746822300,0,0,4,0
1746822301,0,0,2,0
1746822302,0,0,3,0
1746822303,0,0,1,0
1746822304,0,0,4,0
1746822306,0,0,1,0
1746822308,0,0,1,0
1746822309,0,0,1,0
1746822310,0,0,1,0
1746822311,0,0,0,0
1746822312,0,0,1,0
1746822313,0,0,2,0
1746822314,0,0,3,0
1746822315,0,0,1,0
1746822318,0,0,1,0
1746822319,0,0,4,0
1746822322,0,0,1,0
1746822324,0,0,0,0
1746822325,0,0,4,0
1746822326,0,0,2,0
1746822327,0,0,1,0
1746822328,0,0,3,0
1746822329,0,0,2,0
1746822332,0,0,1,0
1746822333,0,0,1,0
1746822334,0,0,2,0
1746822339,0,0,2,0
1746822340,0,0,4,0
1746822344,0,0,3,0
1746822345,0,0,1,0
1746822347,0,0,4,0
1747409808595,0,0,3,0
1747666000,0,0,3,0
1747666001,0,0,1,0
1747666002,0,0,2,0
1747666003,0,0,0,0
1747666004,0,0,0,0
1747666005,0,0,1,0
1747666007,0,0,1,0
1748547148550,0,0,1,0
1748547421450,0,0,1,0
1748610878732,0,0,3,0
1748618038255,0,0,0,0
1748626318879,0,0,3,0
1748630114673,0,0,1,0
1748630325589,0,0,1,0
1748633517274,0,0,1,0
1748869271731,0,0,3,0
1748873371948,0,0,3,0
1748879631368,0,0,2,0
1748882149741,0,0,1,0
1748890524742,0,0,1,0
1748893831944,0,0,3,0
1748954336748,0,0,0,0
1748955064707,0,0,2,0
1748958921771,0,0,1,0
1748960836738,0,0,2,0
1748960949719,0,0,1,0
1748971702131,0,0,2,0
1748971946979,0,0,0,0
1748973822673,0,0,1,0
1748975424311,0,0,0,0
1748975464235,0,0,3,0
1748980288133,0,0,3,0
1749040049958,0,0,1,0
1749040627232,0,0,1,0
1749045292,0,0,0,0
1749045294,0,0,3,0
1749045295,0,0,1,0
1749045296,0,0,0,0
1749045297,0,0,3,0
1749045298,0,0,1,0
1749045306,0,0,0,0
1749045313,0,0,1,0
1749045314,0,0,2,0
1749045315,0,0,0,0
1749045318,0,0,3,0
1749045321,0,0,0,0
1749045324,0,0,0,0
1749045325,0,0,1,0
1749045327,0,0,0,0
1749045333,0,0,0,0
1749045336,0,0,0,0
1749045343,0,0,3,0
1749045344,0,0,1,0
1749045345,0,0,0,0
1749045348,0,0,0,0
1749045350,0,0,2,0
1749045355,0,0,1,0
1749045357,0,0,2,0
1749045358,0,0,2,0
1749045359,0,0,1,0
1749045361,0,0,2,0
1749045362,0,0,0,0
1749045363,0,0,1,0
1749045366,0,0,1,0
1749045370,0,0,1,0
1749045371,0,0,1,0
1749045372,0,0,0,0
1749045373,0,0,0,0
1749045374,0,0,2,0
1749045375,0,0,0,0
1749045376,0,0,2,0
1749045378,0,0,2,0
1749045385,0,0,0,0
1749045390,0,0,2,0
1749045391,0,0,0,0
1749045393,0,0,2,0
1749045395,0,0,2,0
1749045399,0,0,0,0
1749045400,0,0,1,0
1749045402,0,0,3,0
1749045403,0,0,1,0
1749045405,0,0,1,0
1749045406,0,0,0,0
1749045408,0,0,0,0
1749045409,0,0,1,0
1749045411,0,0,0,0
1749045412,0,0,1,0
1749045414,0,0,1,0
1749045416,0,0,0,0
1749045418,0,0,1,0
1749045420,0,0,0,0
1749045421,0,0,1,0
1749048184648,0,0,1,0
1749049069195,0,0,2,0
1749049445303,0,0,0,0
1749050722216,0,0,1,0
1749051946228,0,0,2,0
1749056774352,0,0,3,0
1749059081754,0,0,3,0
1749131261242,0,0,2,0
1749138250828,0,0,1,0
1749142241825,0,0,1,0
1749145202966,0,0,1,0
1749147906153,0,0,1,0
1749150937141,0,0,1,0
1749152548237,0,0,3,0
1749222893112,0,0,3,0
1749225764768,0,0,2,0
1749226211636,0,0,3,0
1749235392198,0,0,1,0
1749472957231,0,0,3,0
1749473275233,0,0,3,0
1749474772314,0,0,0,0
1749492967339,0,0,3,0
1749493759857,0,0,1,0
1749494120254,0,0,2,0
1749494307541,0,0,3,0
1749496919041,0,0,0,0
1749502828100,0,0,0,0
1749558620623,0,0,3,0
1749559484354,0,0,3,0
1749562078353,0,0,3,0
1749566271859,0,0,3,0
1749577761601,0,0,1,0
1749645259657,0,0,1,0
1749651827,0,0,3,0
1749651828,0,0,0,0
1749651829,0,0,3,0
1749651830,0,0,3,0
1749651831,0,0,1,0
1749651832,0,0,3,0
1749651836,0,0,0,0
1749651842,0,0,1,0
1749651843,0,0,2,0
1749651844,0,0,0,0
1749651845,0,0,1,0
1749651848,0,0,3,0
1749651849,0,0,2,0
1749651854,0,0,0,0
1749651855,0,0,2,0
1749651856,0,0,1,0
1749651857,0,0,3,0
1749651858,0,0,2,0
1749651862,0,0,3,0
1749651863,0,0,2,0
1749651864,0,0,0,0
1749651865,0,0,1,0
1749651867,0,0,0,0
1749651868,0,0,1,0
1749651871,0,0,1,0
1749651874,0,0,0,0
1749651875,0,0,0,0
1749651879,0,0,2,0
1749651881,0,0,3,0
1749651885,0,0,0,0
1749651887,0,0,2,0
1749651889,0,0,2,0
1749651891,0,0,0,0
1749651892,0,0,3,0
1749651894,0,0,2,0
1749651895,0,0,1,0
1749651896,0,0,0,0
1749651898,0,0,1,0
1749651901,0,0,3,0
1749651904,0,0,1,0
1749651905,0,0,0,0
1749651906,0,0,0,0
1749651907,0,0,1,0
1749651910,0,0,3,0
1749651912,0,0,2,0
1749651918,0,0,2,0
1749651925,0,0,1,0
1749651929,0,0,0,0
1749651936,0,0,1,0
1749651940,0,0,3,0
1749651943,0,0,1,0
1749651944,0,0,2,0
1749651945,0,0,0,0
1749651946,0,0,3,0
1749651947,0,0,1,0
1749651948,0,0,1,0
1749651954,0,0,2,0
1749656039651,0,0,1,0
1749661741422,0,0,1,0
1749672068462,0,0,3,0
1749672174144,0,0,0,0
1749673247862,0,0,0,0
1749731938150,0,0,3,0
1749737445503,0,0,1,0
1749737549401,0,0,1,0
1749737922527,0,0,0,0
1749738658995,0,0,1,0
1749740149451,0,0,1,0
1749744351252,0,0,2,0
1749749206981,0,0,2,0
1749749978613,0,0,0,0
1749756425264,0,0,2,0
1749756926245,0,0,2,0
1749838910941,0,0,0,0
1750077983617,0,0,0,0
1750079887255,0,0,3,0
1750087658688,0,0,1,0
1750088763975,0,0,0,0
1750186168027,0,0,1,0
1750251937796,0,0,1,0
1750252508988,0,0,3,0
1750265603662,0,0,0,0
1750267423297,0,0,3,0
1750269277209,0,0,1,0
1750271876402,0,0,1,0
1750278592206,0,0,2,0
1750283441892,0,0,3,0
1750425899807,0,0,1,0
1750428119679,0,0,1,0
1750431132960,0,0,0,0
1750445257418,0,0,0,0
1750687783390,0,0,2,0
1750688492847,0,0,0,0
1750692124436,0,0,2,0
1750702668,0,0,1,0
1750702669,0,0,1,0
1750702672,0,0,1,0
1750702673,0,0,3,0
1750702674,0,0,2,0
1750702676,0,0,2,0
1750702685,0,0,0,0
1750702686,0,0,0,0
1750702691,0,0,1,0
1750702693,0,0,2,0
1750702694,0,0,3,0
1750702697,0,0,0,0
1750702699,0,0,0,0
1750702702,0,0,1,0
1750702703,0,0,0,0
1750702708,0,0,1,0
1750702709,0,0,0,0
1750702713,0,0,1,0
1750702714,0,0,2,0
1750702716,0,0,0,0
1750702721,0,0,1,0
1750702722,0,0,0,0
1750702725,0,0,1,0
1750702732,0,0,0,0
1750702734,0,0,2,0
1750702736,0,0,0,0
1750702737,0,0,1,0
1750702738,0,0,2,0
1750702740,0,0,0,0
1750702741,0,0,2,0
1750702744,0,0,1,0
1750702745,0,0,1,0
1750702746,0,0,1,0
1750702747,0,0,0,0
1750702750,0,0,2,0
1750702755,0,0,2,0
1750702756,0,0,2,0
1750702757,0,0,1,0
1750702758,0,0,0,0
1750702759,0,0,1,0
1750702760,0,0,0,0
1750702761,0,0,0,0
1750702762,0,0,2,0
1750702766,0,0,0,0
1750708287321,0,0,2,0
1750766568572,0,0,1,0
1750773692551,0,0,1,0
1750785779272,0,0,1,0
1750787036098,0,0,2,0
1750787505585,0,0,3,0
1750795578605,0,0,1,0
1750797354747,0,0,1,0
1750857186430,0,0,0,0
1750858277406,0,0,1,0
1750866216247,0,0,3,0
1750878375148,0,0,2,0
1750878925741,0,0,3,0
1750879733302,0,0,3,0
1750942854773,0,0,3,0
1750946698364,0,0,1,0
1750950505339,0,0,0,0
1750960496,0,0,3,0
1750960497,0,0,2,0
1750960564085,0,0,3,0
1750972936319,0,0,0,0
1751034482088,0,0,1,0
1751286893511,0,0,0,0
1751298098488,0,0,3,0
1751301428965,0,0,2,0
1751313131659,0,0,1,0
1751316472861,0,0,2,0
1751373975760,0,0,3,0
1751378687264,0,0,0,0
1751379907743,0,0,2,0
1751388210216,0,0,1,0
1751388983950,0,0,3,0
1751395766167,0,0,0,0
1751399951739,0,0,1,0
1751477729037,0,0,2,0
1751477970410,0,0,1,0
1751489502428,0,0,1,0
1751547618974,0,0,2,0
1751549311353,0,0,2,0
1751552447490,0,0,3,0
1751557901336,0,0,3,0
1751896479456,0,0,1,0
1751896597038,0,0,0,0
1751897296113,0,0,3,0
1751900419958,0,0,0,0
1751909771988,0,0,3,0
1751910910330,0,0,0,0
1751922376874,0,0,1,0
1751979497421,0,0,1,0
1751982924122,0,0,2,0
1751988370103,0,0,0,0
1752007557057,0,0,2,0
1752007619056,0,0,0,0
1752007810920,0,0,2,0
1752071408409,0,0,1,0
1752072129549,0,0,0,0
1752074820998,0,0,0,0
1752081911,0,0,3,0
1752081915,0,0,2,0
1752081920,0,0,1,0
1752081924,0,0,0,0
1752081931,0,0,1,0
1752081933,0,0,0,0
1752081937,0,0,0,0
1752081940,0,0,2,0
1752081944,0,0,3,0
1752082059687,0,0,0,0
1752082152468,0,0,1,0
1752086356599,0,0,2,0
1752086463013,0,0,1,0
1752087262210,0,0,0,0
1752151501919,0,0,3,0
1752153385849,0,0,1,0
1752153574502,0,0,2,0
1752154935691,0,0,0,0
1752155567165,0,0,0,0
1752155750155,0,0,0,0
1752158532861,0,0,2,0
1752172671971,0,0,1,0
1752245393061,0,0,1,0
1752496965529,0,0,3,0
1752498322952,0,0,1,0
1752500775225,0,0,1,0
1752504578099,0,0,3,0
1752504589370,0,0,2,0
1752508242194,0,0,0,0
1752513911336,0,0,2,0
1752522093146,0,0,0,0
1752583615812,0,0,1,0
1752585352995,0,0,0,0
1752590045403,0,0,0,0
1752591781279,0,0,2,0
1752594302664,0,0,2,0
1752597272271,0,0,0,0
1752601646577,0,0,2,0
1752671545223,0,0,1,0
1752679980151,0,0,2,0
1752694767827,0,0,1,0
1752757365828,0,0,1,0
1752763508253,0,0,1,0
1752778341261,0,0,1,0
1752779356703,0,0,0,0
1752784160079,0,0,2,0
1752787343722,0,0,1,0
1752851653872,0,0,2,0
1752852188206,0,0,0,0
1752866505830,0,0,2,0
1752866957783,0,0,3,0
1753103038787,0,0,2,0
1753103229198,0,0,2,0
1753105775771,0,0,1,0
1753108615725,0,0,2,0
1753109109332,0,0,1,0
1753114314480,0,0,1,0
1753114444451,0,0,0,0
1753115714659,0,0,3,0
1753117072419,0,0,2,0
1753122826553,0,0,1,0
1753189544843,0,0,2,0
1753190054290,0,0,0,0
1753285799387,0,0,2,0
1753292242156,0,0,0,0
1753711178477,0,0,2,0
1753721942747,0,0,0,0
1753722173155,0,0,1,0
1753722194358,0,0,2,0
1753796056615,0,0,3,0
1753796314545,0,0,0,0
1753800268512,0,0,0,0
1753800732967,0,0,3,0
1753815274737,0,0,2,0
1753816668526,0,0,0,0
1753816672452,0,0,1,0
1753818722268,0,0,1,0
1753823838741,0,0,2,0
1753880925560,0,0,0,0
1753881969268,0,0,3,0
1753886890682,0,0,2,0
1753891519276,0,0,1,0
1753896586056,0,0,1,0
1753968674591,0,0,0,0
1753971612887,0,0,2,0
1753976238930,0,0,1,0
1753986776581,0,0,2,0
1754061930607,0,0,1,0
1754072650796,0,0,1,0
1754074272,0,0,1,0
1754074273,0,0,0,0
1754074275,0,0,3,0
1754074278,0,0,2,0
1754074279,0,0,2,0
1754074282,0,0,1,0
1754074283,0,0,1,0
1754074286,0,0,0,0
1754074287,0,0,2,0
1754074290,0,0,1,0
1754074293,0,0,2,0
1754074294,0,0,2,0
1754074296,0,0,0,0
1754074298,0,0,2,0
1754311377606,0,0,2,0
1754312482516,0,0,2,0
1754318237634,0,0,1,0
1754322512794,0,0,1,0
1754397431670,0,0,1,0
1754410117256,0,0,0,0
1754411835883,0,0,2,0
1754412490751,0,0,0,0
1754413155873,0,0,1,0
1754425358340,0,0,0,0
1754483707575,0,0,0,0
1754507844187,0,0,2,0
1754572120,0,0,2,0
1754572121,0,0,1,0
1754572122,0,0,3,0
1754572125,0,0,2,0
1754572126,0,0,2,0
1754572127,0,0,2,0
1754572129,0,0,0,0
1754572131,0,0,2,0
1754572132,0,0,1,0
1754572133,0,0,0,0
1754572136,0,0,2,0
1754572137,0,0,3,0
1754572143,0,0,3,0
1754572144,0,0,1,0
1754572145,0,0,1,0
1754575195706,0,0,1,0
1754588647118,0,0,1,0
1754591184127,0,0,1,0
1754916058365,0,0,2,0
1754921018227,0,0,1,0
1755002248311,0,0,2,0
1755009448044,0,0,2,0
1755013617987,0,0,2,0
1755091700228,0,0,0,0
1756908579,0,0,2,0
1756908580,0,0,2,0
1756908581,0,0,1,0
1756908583,0,0,0,0
1756908585,0,0,2,0
1756908586,0,0,2,0
1756908587,0,0,1,0
1756908589,0,0,0,0
1756908592,0,0,0,0
1756908593,0,0,2,0
1756908594,0,0,2,0
1756908595,0,0,1,0
1756908596,0,0,1,0
1756908597,0,0,2,0
1756908598,0,0,2,0
1756908600,0,0,0,0
1757103544,0,0,1,0
1757103545,0,0,1,0
1757103546,0,0,2,0
1757103547,0,0,0,0
1757103548,0,0,1,0
1757103549,0,0,0,0
1757103550,0,0,2,0
1757103551,0,0,2,0
1757103552,0,0,0,0
1757103555,0,0,2,0
1757103557,0,0,2,0
1757103558,0,0,0,0
1757103562,0,0,1,0
1757103568,0,0,0,0
1757103569,0,0,1,0
1757103572,0,0,2,0
1757103573,0,0,0,0
1757103574,0,0,1,0
1757103575,0,0,2,0
1757103576,0,0,0,0
1757103577,0,0,1,0
1757103580,0,0,0,0
1757103582,0,0,0,0
1757337160368,0,0,2,0
1757516734,0,0,2,0
1757516735,0,0,0,0
1757516736,0,0,0,0
1757516737,0,0,2,0
1757516743,0,0,2,0
1757516744,0,0,1,0
1757516745,0,0,2,0
1757516748,0,0,2,0
1757603250103,0,0,2,0
1757613641578,0,0,2,0
1757963450412,0,0,2,0
1758048187,0,0,2,0
1758048188,0,0,1,0
1758055103193,0,0,1,0
1758313714854,0,0,1,0
1758559292675,0,0,0,0
1758562849433,0,0,2,0
1758563919156,0,0,2,0
1758641737181,0,0,1,0
1758643503363,0,0,2,0
1758660202890,0,0,2,0
1758718119736,0,0,1,0
1758820598,0,0,2,0
1758820599,0,0,0,0
1758820603,0,0,0,0
1758820605,0,0,0,0
1758820608,0,0,1,0
1758820609,0,0,0,0
1758820611,0,0,0,0
1758820613,0,0,0,0
1758820614,0,0,0,0
1758820616,0,0,1,0
1758820845650,0,0,2,0
1758822058199,0,0,2,0
1758924354322,0,0,1,0
1759157896,0,0,1,0
1759157898,0,0,1,0
1759157899,0,0,1,0
1759157900,0,0,0,0
1759157903,0,0,1,0
1759158994284,0,0,2,0
1759181783570,0,0,1,0
1759245489873,0,0,0,0
1759256626352,0,0,2,0
1759418442592,0,0,2,0
1759421298052,0,0,1,0
1759423959659,0,0,0,0
1759498744420,0,0,2,0
1759523460284,0,0,0,0
1759862505,0,0,2,0
1759862506,0,0,1,0
1759862508,0,0,1,0
1759862509,0,0,1,0
1759862512,0,0,0,0
1759862513,0,0,1,0
1759862517,0,0,0,0
1759862520,0,0,1,0
1759862522,0,0,2,0
1759862524,0,0,0,0
1759862525,0,0,1,0
1759862526,0,0,0,0
1759862527,0,0,1,0
1759862528,0,0,1,0
1759862531,0,0,0,0
1759862532,0,0,2,0
1759862533,0,0,0,0
1759862535,0,0,0,0
1759862536,0,0,0,0
1759862537,0,0,2,0
1759862538,0,0,0,0
1759862539,0,0,1,0
1759862540,0,0,1,0
1759862541,0,0,2,0
1759862545,0,0,1,0
1759862546,0,0,2,0
1759862547,0,0,2,0
1759862549,0,0,0,0
1759947199660,0,0,0,0
1760026086665,0,0,0,0
1760026984121,0,0,1,0
1760030150959,0,0,2,0
1760370768,0,0,1,0
1760370769,0,0,2,0
1760370770,0,0,2,0
1760454537796,0,0,0,0
1760964172953,0,0,0,0
1760991235855,0,0,2,0
1760995368559,0,0,1,0
1761058435234,0,0,1,0
1761065423259,0,0,1,0
1761137218088,0,0,1,0
1761150278846,0,0,0,0
1761223431272,0,0,1,0
1761322560827,0,0,1,0
1761323386851,0,0,2,0
1761328461711,0,0,0,0
1761574836,0,0,1,0
1761574837,0,0,0,0
1761574840,0,0,0,0
1761589135641,0,0,1,0
1761660599204,0,0,1,0
1761664511846,0,0,1,0
1761667331011,0,0,0,0
1761682969,0,0,1,0
1761682971,0,0,1,0
1761682972,0,0,1,0
1761682973,0,0,1,0
1761751703549,0,0,2,0
1761751995528,0,0,1,0
1761753901853,0,0,0,0
1761920131348,0,0,1,0
1761926276729,0,0,1,0
1761927225181,0,0,0,0
1761928207157,0,0,1,0
1761936815142,0,0,0,0
1762178377847,0,0,2,0
1762185251,0,0,2,0
1762185252,0,0,1,0
1762185254,0,0,2,0
1762185256,0,0,0,0
1762272941021,0,0,0,0
1762278273328,0,0,1,0
1762289218595,0,0,0,0
176233,3,3,0,0
1762782484342,0,0,1,0
1762788456556,0,0,0,0
1762797170864,0,0,0,0
1762805198188,0,0,1,0
1762964447354,0,0,1,0
17630,0,0,0,0
1763144806684,0,0,0,0
1764017146202,0,0,1,0
1764086815192,0,0,1,0
1764189210991,0,0,1,0
1764710347916,0,0,1,0
1764788119884,0,0,1,0
1767023711077,0,0,0,0
1767634087197,0,0,1,0
1767806520217,0,0,0,0
1768513582907,0,0,0,0
1768923022781,0,0,0,0
1769454480738,0,0,1,0
1769461865857,0,0,0,0
1769463666087,0,0,1,0
1769628197051,0,0,0,0
1769701070673,0,0,1,0
1769801066563,0,0,0,0
1770063869203,0,0,0,0
1770069272842,0,0,1,0
1770214689429,0,0,0,0
1770216003064,0,0,1,0
1770229702191,0,0,0,0
1770229804103,0,0,0,0
1770229965714,0,0,1,0
1770233285632,0,0,0,0
1770315969807,0,0,1,0
1770317135800,0,0,0,0
1770405642247,0,0,0,0
178785,24,23,1,0
184872,0,0,0,0
185199,0,0,0,0
186265,0,0,0,0
190237,0,0,0,0
190861,0,0,0,0
191275,14,14,1,0
192032,0,0,0,0
193568,0,0,0,0
195020,14,14,5,2
195804,10,10,0,0
197079,0,0,0,0
197106,0,0,0,0
1971160,0,0,0,0
198482,0,0,0,0
199042,0,0,0,0
199553,0,0,0,0
199564,19,19,0,0
20048,3,3,0,0
200831,0,0,0,0
20240722958,3,3,6,2
203714,0,0,0,0
204377,1,1,0,0
206917,0,0,0,0
207282,0,0,0,0
208223,0,0,0,0
210223,0,0,0,0
215114,0,0,0,0
215515,0,0,0,0
216269,0,0,0,0
216958,0,0,0,0
219880,0,0,0,0
22170,0,0,0,0
221848,0,0,0,0
224771,0,0,0,0
225894,7,7,4,0
226760,0,0,0,0
23309,1,1,0,0
233152,18,18,6,2
23322,22,19,7,2
234152,0,0,0,0
234237,0,0,0,0
238172,0,0,0,0
238370,0,0,0,0
244068,0,0,0,0
245662,14,14,0,0
245957,8,8,0,0
249591,0,0,0,0
250430,1,1,0,0
253369,0,0,0,0
25389,0,0,0,0
255238,0,0,0,0
25890,0,0,0,0
266112,0,0,0,0
266823,0,0,0,0
267078,0,0,0,0
269256,0,0,0,0
271643,0,0,0,0
272441,0,0,0,0
274769,0,0,0,0
277281,0,0,0,0
28047,19,18,5,1
281696,1,1,0,0
282382,0,0,0,0
282957,0,0,0,0
283807,2,0,0,0
284293,16,16,7,3
284465,0,0,0,0
287546,1,1,0,0
288217,4,4,0,0
288540,0,0,0,0
288857,0,0,0,0
302021,0,0,0,0
311063,0,0,0,0
315987,0,0,0,0
318102,0,0,0,0
321685,0,0,0,0
322696,0,0,0,0
32374,3,3,0,0
324987,0,0,0,0
325046,0,0,0,0
325338,24,24,7,3
325400,0,0,0,0
326642,0,0,0,0
327238,2,2,0,0
328191,0,0,0,0
330485,2,2,0,0
332287,0,0,0,0
333873,0,0,0,0
334325,31,29,5,2
336761,22,22,0,0
337360,0,0,0,0
33921,27,27,6,2
340847,0,0,0,0
343654,0,0,0,0
3456456,0,0,0,0
346922,7,6,0,0
347791,13,13,7,3
348010,0,0,0,0
351066,0,0,0,0
351383,0,0,0,0
352518,0,0,0,0
352690,9,9,5,1
352850,0,0,0,0
353712,0,0,0,0
355966,3,3,0,0
356135,18,15,0,0
363117,2,2,0,0
365220,1,1,0,0
368081,2,2,2,0
36890,0,0,0,0
368930,4,4,0,0
370303,0,0,0,0
370578,0,0,0,0
371674,0,0,0,0
371802,3,3,0,0
372957,9,9,1,0
373327,8,8,0,0
373706,0,0,0,0
37401,0,0,0,0
375033,1,1,0,0
37663,7,6,1,0
379472,22,21,7,3
381764,0,0,0,0
382970,26,25,6,2
386866,0,0,0,0
389197,0,0,0,0
390621,3,3,0,0
391854,8,8,0,0
392960,1,1,0,0
393010,0,0,0,0
394033,26,26,6,2
395416,1,1,0,0
396620,0,0,0,0
397135,0,0,0,0
399024,0,0,0,0
400216,16,16,3,0
402120,0,0,0,0
403742,1,1,0,0
404998,21,17,3,0
405547,0,0,0,0
408089,0,0,0,0
408482,0,0,0,0
408612,0,0,0,0
413636,0,0,0,0
414601,0,0,0,0
416215,0,0,0,0
416926,0,0,0,0
417997,0,0,0,0
420737,2,2,0,0
421832,21,21,7,3
422630,2,2,0,0
424123,0,0,0,0
428295,4,4,0,0
428641,23,23,4,0
42871,9,8,0,0
433626,9,9,6,2
43433,0,0,0,0
434472,0,0,0,0
436369,0,0,0,0
439100,3,3,0,0
439917,1,1,0,0
443780,0,0,0,0
445175,0,0,0,0
449583,21,19,5,1
454487,1,1,0,0
457076,0,0,0,0
457184,0,0,0,0
457738,3,3,0,0
457867,0,0,0,0
459864,0,0,0,0
460482,0,0,0,0
461140,24,24,7,3
463019,9,8,1,0
464654,0,0,0,0
466986,5,5,0,0
474091,0,0,0,0
476264,0,0,0,0
47634,0,0,0,0
477435,0,0,0,0
478232,0,0,0,0
480608,3,3,0,0
485408,0,0,0,0
488371,0,0,0,0
491691,7,7,6,3
493580,12,12,1,0
494631,0,0,0,0
496816,0,0,0,0
498299,0,0,0,0
502238,0,0,0,0
502744,0,0,0,0
504465,0,0,0,0
504682,0,0,0,0
505079,8,7,0,0
50854,0,0,0,0
509485,18,17,4,1
509643,0,0,0,0
510225,26,26,7,3
51114,0,0,0,0
512424,0,0,0,0
5137437,15,15,0,0
515056,1,1,0,0
51534,0,0,0,0
516067,0,0,0,0
516331,0,0,0,0
51644,0,0,0,0
519548,17,17,7,3
519802,0,0,0,0
522119,0,0,0,0
528180,3,3,0,0
529832,0,0,0,0
531759,0,0,0,0
532707,0,0,0,0
536563,25,25,5,2
536692,0,0,0,0
540106,0,0,0,0
54487,0,0,0,0
546840,23,23,7,3
547134,0,0,0,0
547227,0,0,0,0
549588,0,0,0,0
550487,14,14,6,2
551995,0,0,0,0
55296,0,0,0,0
553007,0,0,0,0
554369,0,0,0,0
55725,0,0,0,0
558970,0,0,0,0
560259,1,1,0,0
561965,0,0,0,0
562727,0,0,0,0
564610,0,0,0,0
565284,1,1,0,0
566044,0,0,0,0
566789,0,0,0,0
570892,21,21,4,0
571319,0,0,0,0
571898,0,0,0,0
57252,0,0,0,0
574476,0,0,0,0
575330,25,24,7,2
578264,0,0,0,0
583695,0,0,0,0
584947,0,0,0,0
58518,0,0,0,0
586943,0,0,0,0
587908,0,0,0,0
590280,4,4,0,0
591437,0,0,0,0
592359,0,0,0,0
59326,0,0,0,0
593607,0,0,0,0
600086,16,16,0,0
60478,2,2,0,0
605368,3,3,0,0
606609,0,0,0,0
607498,1,1,0,0
607999,19,19,1,0
609180,8,7,0,0
613416,0,0,0,0
613867,0,0,0,0
615811,0,0,0,0
615818,0,0,0,0
616367,0,0,0,0
624866,0,0,0,0
624887,0,0,0,0
62620,26,22,7,2
631190,0,0,0,0
632804,1,1,4,1
635463,0,0,0,0
636633,0,0,0,0
636719,28,28,5,2
640222,2,1,0,0
644129,0,0,0,0
645167,0,0,0,0
6453,17,17,0,0
650322,0,0,0,0
65356,1,0,0,0
654215,2,2,0,0
655386,0,0,0,0
656825,0,0,0,0
657404,2,2,4,1
657460,0,0,0,0
657543,2,2,4,1
659295,0,0,0,0
6593,0,0,0,0
659420,0,0,0,0
6601,5,5,0,0
660378,0,0,0,0
6607,2,2,0,0
6609,37,37,7,3
6610,1,1,0,0
6614,24,24,2,0
6616,1,1,0,0
6619,22,22,7,3
662618,0,0,0,0
663597,0,0,0,0
664066,0,0,0,0
6642,25,22,7,3
664494,1,1,0,0
6649,0,0,0,0
6652,4,4,0,0
665420,0,0,0,0
6656,0,0,0,0
6657,2,2,0,0
6659,28,24,5,1
666865,0,0,0,0
6670,7,7,2,0
6673,3,3,0,0
6677,0,0,0,0
6682,4,4,0,0
6683,15,15,0,0
6692,35,29,6,2
6695,0,0,0,0
669678,0,0,0,0
6697,4,4,0,0
670069,7,7,0,0
6701,6,6,0,0
6719,32,32,2,0
6726,0,0,0,0
6728,10,10,0,0
6732,15,15,0,0
6736,2,2,0,0
6741,31,31,5,1
674864,1,1,0,0
6750,8,8,0,0
676287,24,24,7,3
6765,4,4,0,0
676600,2,2,0,0
6772,3,3,0,0
6775,0,0,0,0
6776,17,16,0,0
6778,0,0,0,0
6780,38,35,6,2
678047,0,0,0,0
678094,0,0,0,0
678342,0,0,0,0
678397,0,0,0,0
6792,7,7,0,0
6794,0,0,0,0
6796,14,14,0,0
6806,30,30,6,2
6808,33,33,1,0
6810,0,0,0,0
6815,0,0,0,0
6817,14,14,6,2
6821,9,9,0,0
683708,0,0,0,0
6838,17,17,0,0
6849,0,0,0,0
6852,0,0,0,0
6854,30,30,5,1
6855,13,13,0,0
6856,0,0,0,0
6858,31,31,2,0
6859,3,3,0,0
685904,0,0,0,0
6865,25,25,0,0
6867,7,7,0,0
6870,4,4,0,0
687943,11,6,0,0
688168,0,0,0,0
688514,1,1,0,0
6889,7,7,1,0
689150,2,2,0,0
6894,0,0,0,0
6896,11,11,0,0
6898,36,36,7,3
6900,36,36,6,2
6901,2,2,0,0
6903,12,12,1,0
690493,0,0,0,0
6905,28,28,4,2
6908,36,36,6,2
6909,27,27,6,2
690974,0,0,0,0
6911,0,0,0,0
6913,4,4,0,0
6918,13,13,7,3
6919,9,9,0,0
6920,10,10,0,0
6922,0,0,0,0
6926,2,2,0,0
6928,18,18,0,0
6934,0,0,0,0
693922,0,0,0,0
6940,16,16,0,0
69411,0,0,0,0
6945,0,0,0,0
6947,0,0,0,0
6954,8,8,1,0
6958,31,31,6,2
6960,0,0,0,0
6967,0,0,0,0
6975,5,5,0,0
6979,30,30,6,2
698678,25,25,7,3
698790,0,0,0,0
699029,0,0,0,0
6991,0,0,0,0
6992,0,0,0,0
6997,14,14,0,0
700561,0,0,0,0
7006,36,36,5,1
7008,3,3,0,0
700899,12,12,0,0
7031,36,36,7,3
7032,34,34,7,3
7034,1,1,0,0
7035,25,23,5,1
7040,6,6,0,0
704076,0,0,0,0
7042,1,1,0,0
704567,0,0,0,0
7046,35,35,7,3
7047,10,10,0,0
7059,1,1,0,0
7062,20,20,0,0
7064,0,0,0,0
7074,2,2,0,0
7076,9,9,0,0
7082,0,0,0,0
7088,2,2,0,0
7090,21,21,0,0
7092,5,5,0,0
709419,0,0,0,0
7096,10,10,0,0
7102,0,0,0,0
7113,19,19,0,0
711661,12,12,3,0
7117,0,0,0,0
7118,24,24,2,0
711988,7,7,0,0
712588,0,0,0,0
7127,0,0,0,0
7128,14,14,0,0
7137,0,0,0,0
7145,20,20,0,0
7150,0,0,0,0
716989,0,0,0,0
7173,5,5,0,0
7176,10,10,0,0
71809,0,0,0,0
7181,3,3,3,0
718272,0,0,0,0
7183,1,1,0,0
7184,38,38,6,2
7186,0,0,0,0
7189,0,0,0,0
7191,0,0,0,0
7196,1,1,0,0
7202,0,0,0,0
720676,16,16,0,0
7208,0,0,0,0
7209,2,2,0,0
7211,0,0,0,0
7212,14,14,0,0
721209,14,14,3,0
7216,33,33,7,3
7219,0,0,0,0
7223,13,13,0,0
7224,30,30,0,0
7225,3,3,0,0
7227,0,0,0,0
7228,24,22,0,0
723566,3,2,0,0
723661,0,0,0,0
7238,12,11,0,0
7239,8,8,0,0
7246,3,1,0,0
7248,0,0,0,0
7251,17,17,5,1
7252,0,0,0,0
72544,0,0,0,0
725967,7,7,0,0
7272,37,36,7,3
727356,0,0,0,0
729870,0,0,0,0
730227,0,0,0,0
730701,3,3,0,0
732704,1,1,0,0
7344,0,0,0,0
734632,0,0,0,0
734699,0,0,0,0
736554,0,0,0,0
738453,0,0,0,0
739861,0,0,0,0
7410,0,0,0,0
7417,0,0,0,0
7426,0,0,0,0
7429,26,25,4,1
7437,0,0,0,0
7442,2,2,0,0
7443,4,4,0,0
7445,9,9,0,0
7446,7,7,0,0
744823,26,26,7,2
7450,0,0,0,0
7452,14,14,4,1
7454,10,10,5,2
7457,17,17,0,0
7460,7,7,0,0
7464,8,8,0,0
7465,1,1,0,0
7467,0,0,0,0
7468,0,0,0,0
7471,12,12,0,0
7472,0,0,0,0
7473,0,0,0,0
7486,10,10,0,0
7487,26,25,6,2
7489,0,0,0,0
749495,0,0,0,0
7495,10,10,0,0
749655,1,1,0,0
7497,0,0,0,0
7499,3,3,3,1
7502,0,0,0,0
750271,0,0,0,0
7506,0,0,0,0
7512,7,7,0,0
7524,10,10,0,0
7529,0,0,0,0
7530,2,2,0,0
7533,35,34,6,2
7538,0,0,0,0
7542,0,0,0,0
756709,0,0,0,0
757260,0,0,0,0
7574,0,0,0,0
7579,0,0,0,0
7580,8,8,0,0
7581,2,2,0,0
7582,2,2,0,0
7583,2,2,0,0
7584,0,0,0,0
758486,0,0,0,0
7585,0,0,0,0
7587,0,0,0,0
7591,10,10,0,0
7592,0,0,0,0
7597,27,27,7,3
7598,23,23,5,2
7600,6,6,0,0
7601,0,0,0,0
7602,1,1,0,0
7608,13,13,0,0
7609,0,0,0,0
7612,8,8,0,0
7615,20,20,5,1
7618,0,0,0,0
7622,29,29,0,0
7625,31,31,6,2
7627,0,0,0,0
7628,9,9,0,0
7630,17,17,0,0
7631,0,0,0,0
7632,0,0,0,0
7635,22,22,3,1
7637,15,15,0,0
7638,0,0,0,0
764175,26,26,1,0
7643,2,2,0,0
7645,2,2,0,0
7646,0,0,0,0
7649,4,4,0,0
7650,31,31,0,0
7653,0,0,0,0
7655,0,0,0,0
7658,9,9,0,0
7662,28,28,0,0
7664,11,11,1,0
7668,0,0,0,0
7674,12,12,0,0
767513,0,0,0,0
7676,0,0,0,0
768036,26,25,6,2
768304,0,0,0,0
7686,9,9,0,0
7687,18,18,0,0
7690,1,1,0,0
769061,20,19,0,0
7691,0,0,0,0
7692,0,0,0,0
7693,32,32,3,0
7696,4,4,0,0
7698,0,0,0,0
7703,0,0,0,0
7711,0,0,0,0
771335,0,0,0,0
771531,1,0,0,0
7725,0,0,0,0
7728,1,1,0,0
7729,0,0,0,0
7731,13,13,0,0
7732,20,20,0,0
7735,24,24,6,2
7736,18,18,0,0
7738,8,8,0,0
7739,0,0,0,0
7740,0,0,0,0
7743,1,1,0,0
7747,0,0,0,0
7748,0,0,0,0
7751,0,0,0,0
775115,0,0,0,0
7752,3,3,0,0
7754,4,4,0,0
7756,0,0,0,0
775664,0,0,0,0
7762,0,0,0,0
7764,0,0,0,0
776480,12,12,0,0
7765,0,0,0,0
7766,0,0,0,0
776827,1,1,2,0
7769,0,0,0,0
7771,0,0,0,0
7772,0,0,0,0
77728,7,7,0,0
7774,0,0,0,0
7778,0,0,0,0
778206,0,0,0,0
7785,3,3,0,0
778538,0,0,0,0
7789,0,0,0,0
7793,12,12,0,0
7795,2,2,0,0
7797,10,10,0,0
7798,0,0,0,0
7803,36,34,7,3
7804,2,2,0,0
7814,0,0,0,0
7816,3,3,0,0
7817,10,10,0,0
7818,0,0,0,0
781824,0,0,0,0
782264,3,3,0,0
7825,0,0,0,0
783024,11,11,4,0
7831,21,19,6,2
7833,0,0,0,0
78343,1,1,0,0
7837,0,0,0,0
7838,0,0,0,0
7839,1,1,0,0
7840,1,1,0,0
7841,11,11,0,0
7845,0,0,0,0
7849,0,0,0,0
78493,0,0,2,0
7852,0,0,0,0
7853,0,0,0,0
785557,0,0,0,0
7857,16,16,0,0
7860,0,0,0,0
7861,0,0,0,0
7864,0,0,0,0
7871,10,10,0,0
7875,4,4,0,0
787504,2,2,0,0
7877,27,26,0,0
7878,1,1,0,0
7879,0,0,0,0
788000,0,0,0,0
7882,7,7,0,0
7884,1,1,0,0
7891,2,2,0,0
7893,0,0,0,0
7894,14,12,6,2
789607,3,1,0,0
789619,20,17,7,3
7897,25,25,7,3
7898,30,21,6,1
7899,0,0,0,0
7900,18,18,0,0
7903,10,10,0,0
7908,2,2,0,0
790815,0,0,0,0
7914,6,6,0,0
791497,0,0,0,0
7921,18,4,0,0
7924,0,0,0,0
7926,0,0,0,0
7931,23,23,0,0
7934,0,0,0,0
7936,0,0,0,0
7937,5,2,0,0
7941,0,0,0,0
7942,0,0,0,0
7945,7,7,0,0
7947,1,1,0,0
7948,3,3,0,0
7951,1,1,0,0
7952,36,36,7,3
7954,1,1,0,0
7955,3,3,0,0
7958,6,6,0,0
7962,0,0,0,0
7966,0,0,0,0
7968,0,0,0,0
7969,6,6,0,0
7970,0,0,0,0
7971,0,0,0,0
7972,0,0,0,0
7973,0,0,0,0
7974,5,4,0,0
7980,21,19,1,0
7981,3,3,0,0
7982,0,0,0,0
7983,0,0,0,0
7984,2,2,0,0
7985,4,4,0,0
798609,4,4,0,0
7988,0,0,0,0
7990,3,3,0,0
7991,32,32,6,2
799162,0,0,0,0
7992,0,0,0,0
799466,0,0,0,0
7997,0,0,0,0
7999,0,0,0,0
799954,24,24,6,3
8002,0,0,0,0
800279,6,6,0,0
8003,0,0,0,0
8004,0,0,0,0
800695,0,0,0,0
8008,35,34,6,2
8009,17,17,5,1
8013,0,0,0,0
8014,2,0,0,0
8015,5,5,0,0
8016,0,0,0,0
802154,2,2,0,0
8022,10,10,0,0
8024,36,36,7,2
8028,0,0,0,0
803132,22,21,2,0
8032,0,0,0,0
8033,35,35,6,2
803415,0,0,0,0
8035,22,22,0,0
8038,5,5,0,0
803878,0,0,0,0
805217,25,25,4,1
8086,3,3,0,0
812616,0,0,0,0
813728,0,0,0,0
8172,3,3,0,0
817245,0,0,0,0
817630,1,1,0,0
81791,1,1,0,0
8182,0,0,0,0
8185,0,0,0,0
81891,0,0,0,0
8192,0,0,0,0
8194,0,0,0,0
8197,0,0,0,0
8199,0,0,0,0
8200,0,0,0,0
8204,0,0,0,0
8205,37,36,7,3
8210,3,3,0,0
821388,26,26,7,3
821597,0,0,0,0
8216,2,2,0,0
8219,0,0,0,0
8221,0,0,0,0
8224,2,2,0,0
822790,0,0,0,0
8228,0,0,0,0
8229,0,0,0,0
8230,3,3,0,0
823067,0,0,0,0
823658,0,0,0,0
8237,34,24,7,2
8239,5,5,0,0
8240,37,37,7,3
8241,32,32,6,0
8242,0,0,0,0
824625,0,0,0,0
8247,0,0,0,0
824943,0,0,0,0
8251,0,0,0,0
8253,2,2,0,0
825362,0,0,0,0
8256,0,0,0,0
8260,0,0,0,0
8261,1,1,0,0
826218,0,0,0,0
8264,4,4,0,0
8265,0,0,0,0
8266,5,5,0,0
8268,13,12,0,0
8269,0,0,0,0
826973,0,0,0,0
8274,0,0,0,0
8275,0,0,0,0
8277,11,11,0,0
8281,0,0,0,0
8282,2,2,0,0
8283,0,0,0,0
8287,20,16,0,0
8288,0,0,0,0
8290,0,0,0,0
8293,3,3,0,0
8294,10,9,7,3
8295,0,0,0,0
8301,0,0,0,0
8307,0,0,0,0
8309,28,28,3,0
8311,33,33,7,3
8315,0,0,0,0
8316,0,0,0,0
831876,0,0,0,0
8320,0,0,0,0
8323,0,0,0,0
8325,0,0,0,0
8326,0,0,0,0
8330,0,0,0,0
8332,4,4,0,0
8334,25,25,7,3
8339,0,0,0,0
8343,0,0,0,0
8344,7,7,0,0
8348,3,3,0,0
8349,7,7,0,0
8352,0,0,0,0
8353,0,0,0,0
8357,0,0,0,0
8358,26,26,0,0
8359,37,37,7,3
8362,0,0,0,0
8363,12,12,0,0
8364,0,0,0,0
8365,24,23,2,0
8366,9,9,0,0
8373,0,0,0,0
8374,0,0,0,0
8376,7,7,0,0
837790,6,6,0,0
837817,0,0,0,0
8380,0,0,0,0
8381,18,18,0,0
8383,25,24,4,1
8385,10,10,0,0
8387,6,5,6,3
8388,0,0,0,0
8389,34,34,7,3
8390,4,3,0,0
8393,1,1,0,0
8394,1,1,0,0
8395,0,0,0,0
8402,0,0,0,0
8403,0,0,0,0
8404,13,13,0,0
8405,2,2,0,0
8407,37,36,6,2
8409,1,1,0,0
8410,3,3,0,0
8413,0,0,0,0
8420,16,16,2,0
8421,0,0,0,0
8424,0,0,0,0
8426,0,0,0,0
8428,0,0,0,0
842967,2,1,0,0
8430,0,0,0,0
8431,4,4,0,0
8432,0,0,0,0
8433,12,12,0,0
8435,0,0,0,0
8436,0,0,0,0
8437,0,0,0,0
8440,11,11,0,0
8444,0,0,0,0
8445,6,6,0,0
8446,0,0,0,0
8448,0,0,0,0
8450,7,7,0,0
8453,27,27,4,1
845755,0,0,0,0
8463,1,1,0,0
846398,0,0,0,0
8466,1,1,0,0
8468,2,2,0,0
8469,0,0,0,0
846916,0,0,0,0
8470,8,8,0,0
8475,0,0,0,0
847633,1,1,0,0
8477,38,38,6,2
8478,13,13,0,0
8479,0,0,0,0
8480,0,0,0,0
8486,1,1,0,0
848648,5,3,0,0
8489,0,0,0,0
8491,0,0,0,0
8496,36,35,5,2
8497,0,0,0,0
8499,0,0,0,0
8499201,6,6,0,0
8501,0,0,0,0
8505,0,0,0,0
850970,0,0,0,0
8510,0,0,0,0
8511,0,0,0,0
8513,0,0,0,0
8515,38,38,6,2
8517,6,6,0,0
851700,0,0,0,0
8518,0,0,0,0
852028,16,16,0,0
852394,6,3,0,0
8524,0,0,0,0
8525,0,0,0,0
8526,0,0,0,0
8529,0,0,0,0
8534,22,22,0,0
8535,4,4,0,0
8537,0,0,0,0
853836,11,11,0,0
8540,23,22,2,0
8541,1,1,0,0
8542,0,0,0,0
8543,0,0,0,0
8544,0,0,0,0
8545,34,34,5,2
8546,0,0,0,0
8548,2,2,0,0
8553,0,0,0,0
8554,34,34,7,3
8557,0,0,0,0
855733,0,0,0,0
855795,0,0,0,0
8560,0,0,0,0
8561,9,9,0,0
8565,0,0,0,0
8567,0,0,0,0
8570,5,5,0,0
8572,0,0,0,0
8573,7,7,0,0
8574,0,0,0,0
857593,12,2,7,1
8576,1,1,0,0
857991,15,15,5,1
8584,22,21,4,1
8585,4,4,0,0
8589,6,6,0,0
8590,4,4,0,0
85916,0,0,0,0
8592,0,0,0,0
8596,6,6,0,0
8597,1,1,0,0
859738,0,0,0,0
8599,0,0,0,0
8600,14,14,0,0
8601,0,0,0,0
8602,0,0,0,0
8605,0,0,0,0
8607,5,5,0,0
8610,7,7,0,0
8611,33,33,0,0
8617,0,0,0,0
8618,0,0,0,0
8623,15,15,0,0
8624,0,0,0,0
8625,1,1,0,0
8628,17,17,2,0
8629,0,0,0,0
8631,0,0,0,0
8632,8,8,0,0
8633,1,1,0,0
8634,0,0,0,0
8635,0,0,0,0
8636,0,0,0,0
863856,0,0,0,0
8639,0,0,0,0
8641,0,0,0,0
8646,1,1,0,0
8651,0,0,0,0
8652,0,0,0,0
8653,0,0,0,0
8654,0,0,0,0
8655,0,0,0,0
8656,0,0,0,0
8657,1,1,0,0
8658,4,4,0,0
8659,0,0,0,0
8660,0,0,0,0
8661,2,2,0,0
8669,2,2,0,0
8670,14,14,0,0
8671,20,20,2,0
8672,0,0,0,0
8673,0,0,0,0
8674,0,0,0,0
8677,29,29,0,0
8678,36,33,6,2
8679,0,0,0,0
8681,0,0,0,0
8682,0,0,0,0
8683,4,4,0,0
8685,5,5,0,0
8686,0,0,0,0
8689,0,0,0,0
8690,19,19,0,0
8691,2,2,0,0
8692,0,0,0,0
8693,0,0,0,0
8694,31,31,2,0
8695,1,1,0,0
8696,0,0,0,0
8697,0,0,0,0
8698,1,1,0,0
8700,0,0,0,0
8701,0,0,0,0
8704,8,8,0,0
8705,5,5,0,0
8706,0,0,0,0
8707,0,0,0,0
8710,0,0,0,0
8712,0,0,0,0
8713,0,0,0,0
873736,0,0,0,0
875009,0,0,0,0
876595,0,0,0,0
8766,0,0,0,0
877570,0,0,0,0
877647,0,0,0,0
879270,0,0,0,0
879496,0,0,0,0
8795,0,0,0,0
8797,1,1,0,0
879789,0,0,0,0
879888,0,0,0,0
8799,0,0,0,0
8800,0,0,0,0
8803,7,7,0,0
880401,0,0,0,0
8806,0,0,0,0
880616,1,1,0,0
8807,32,32,7,3
8808,0,0,0,0
880826,0,0,0,0
8811,1,1,0,0
8812,34,34,6,2
8815,19,16,0,0
8816,0,0,0,0
8819,3,3,0,0
8823,0,0,0,0
8824,0,0,0,0
8827,24,24,6,2
8830,0,0,0,0
8833,1,1,0,0
8837,5,5,0,0
884949,10,10,0,0
88608,8,8,2,0
887423,0,0,0,0
887925,2,2,0,0
88880,26,26,7,3
889404,0,0,0,0
891341,4,1,1,0
891790,23,23,7,2
893032,0,0,0,0
895980,23,23,6,2
896376,0,0,0,0
896523,3,3,0,0
897820,0,0,0,0
901049,0,0,0,0
907268,0,0,0,0
9101042,0,0,0,0
912192,14,1,0,0
912202,0,0,0,0
912300,0,0,0,0
915464,23,23,7,3
915565,0,0,0,0
915855,8,7,7,3
916221,17,17,7,3
916490,0,0,0,0
916986,20,20,2,0
919275,0,0,0,0
922128,0,0,0,0
92776,7,6,3,0
928317,0,0,0,0
931719,19,19,6,2
936781,0,0,0,0
939275,1,0,0,0
94012,14,14,4,1
940999,8,8,0,0
944419,1,1,0,0
945435,0,0,0,0
949276,1,1,0,0
949774,27,27,3,0
950312,0,0,0,0
950605,0,0,0,0
951143,0,0,0,0
95330,1,1,0,0
954481,0,0,0,0
955339,0,0,0,0
957415,0,0,0,0
960087,1,1,0,0
962839,0,0,0,0
963109,0,0,0,0
966414,1,1,0,0
9730020,6,6,0,0
97343,0,0,0,0
982493,0,0,0,0
983987,22,1,6,0
987570,0,0,0,0
987785,0,0,0,0
988797,27,26,5,1
989042,3,3,0,0
994608,0,0,0,0
997452,0,0,0,0
99830,0,0,0,0
